,사업장,연도,광역지역,종사자규모,에너지원,에너지구분,표준산업코드,표준산업코드명,소비(배출)량
0,8D7FF051CC317B615EC4A4B74F2A8DBB88FA9E18,2015,제주,20인 ~ 49인,전력,전력,10129,기타 육류 가공 및 저장처리업,-
1,364410247958C54625DCA6A8C5E5E5A694129132,2015,제주,5인 미만,프로판,프로판,13403,날염 가공업,-
2,D57ED905ED7492C595E9ADF3B8870B08A4F0704D,2015,제주,5인 미만,전력,전력,29120,유압기기 제조업,-
3,94893D174D5EF8A26F4DEAC6F3ED9FA4C17C557E,2015,제주,5인 ~ 9인,경유,경유,10800,동물용 사료 및 조제식품 제조업,-
4,EA3B7DD642A1AED9885811C776A3D6B67946E619,2015,제주,5인 미만,전력,전력,10129,기타 육류 가공 및 저장처리업,-
5,8BD3992CF8CF5405BC9382A0335500D18B47C4CA,2015,제주,10인 ~ 19인,전력,전력,23911,건설용 석제품 제조업,-
6,23AD164A7989CFAA288FFF5CA4761A4B5C40C5EE,2015,제주,10인 ~ 19인,전력,전력,23911,건설용 석제품 제조업,-
7,8C1BF7235948808478BDFFDF065DC693F58E67F7,2015,제주,10인 ~ 19인,전력,전력,10212,수산동물 건조 및 염장품 제조업,-
8,7875886AB61D398DD52297235EFE4CA5AACC336A,2015,제주,5인 미만,전력,전력,13922,어망 및 기타 끈가공품 제조업,-
9,13DF909F5719E251325E2DC14663C714E47917AA,2015,제주,5인 미만,전력,전력,22223,플라스틱 창호 제조업,-
10,94893D174D5EF8A26F4DEAC6F3ED9FA4C17C557E,2015,제주,5인 미만,전력,전력,10800,동물용 사료 및 조제식품 제조업,-
11,753CFEE103E99E94EB6A57C2C6B8B79762B16F1B,2015,제주,5인 ~ 9인,전력,전력,10309,기타 과실·채소 가공 및 저장처리업,-
12,BCE7129D173057B5E17CEFC37D824CC4AE727C4A,2015,제주,10인 ~ 19인,전력,전력,25112,구조용 금속판제품 및 금속공작물 제조업,-
13,510A13741EBE8771ACC4553BEFDAFD4F90FF5F91,2015,제주,10인 ~ 19인,전력,전력,28122,배전반 및 전기자동제어반 제조업,-
14,27DA2085F532F53B18BB3E9902A6F4BEB24E1F27,2015,제주,5인 미만,경유,경유,32029,기타 목재가구 제조업,-
15,85301E6E423CF70708B660829E323D1728E483C3,2015,제주,5인 미만,경유,경유,16101,일반 제재업,-
16,7C1628C54664819F3112A0FAC158CA32071EA327,2015,제주,5인 미만,휘발유,휘발유,18111,경 인쇄업,-
17,3AA3EF18C39E8A10BC00C9126783661E1B816145,2015,제주,5인 ~ 9인,전력,전력,10711,떡류 제조업,-
18,4839198ED7935754D130801013E719DD6E8D8902,2015,제주,10인 ~ 19인,전력,전력,18119,기타 인쇄업,-
19,364410247958C54625DCA6A8C5E5E5A694129132,2015,제주,5인 미만,전력,전력,13403,날염 가공업,-
20,1FC5E8A7F04CD16DE354F9FAB09E7A611139FA3D,2015,제주,5인 미만,전력,전력,10796,건강보조용 액화식품 제조업,-
21,ADBB32DC7B1A74118C86C9E644C8E374ED22DDEC,2015,제주,5인 미만,등유(구:실내등유),등유(구:실내등유),16221,목재문 및 관련제품 제조업,-
22,FC411C9F276FF235B72DD94446C3DA1A4CA7F6BB,2015,제주,10인 ~ 19인,전력,전력,10129,기타 육류 가공 및 저장처리업,-
23,0EE9F56C0CE756F41953215C7314FB3C5507CBBE,2015,제주,5인 ~ 9인,등유(구:실내등유),등유(구:실내등유),10792,차류 가공업,-
24,4050BB3B677DBA777A0F42BEA07FE2F83FE04548,2015,제주,5인 ~ 9인,경유,경유,33910,간판 및 광고물 제조업,-
25,D306F9FB9955CF97F303072D8ED6880AF19ECD01,2015,제주,10인 ~ 19인,전력,전력,23322,레미콘 제조업,-
26,76C14ACDB078E49B368A77917BBB5E3D6C8E8D3B,2015,제주,50인 ~ 99인,전력,전력,17902,위생용 종이제품 제조업,-
27,E6F0F90929BC7DF8D6886775371E3083A06F45DB,2015,제주,5인 미만,도시가스(LNG),도시가스(LNG),29210,농업 및 임업용 기계 제조업,-
28,17198AF2C3BA88952865E7543E16EC4158B83575,2015,제주,10인 ~ 19인,경유,경유,10212,수산동물 건조 및 염장품 제조업,-
29,6F4BD5FB8E9E82C32ED5E39098B03D52D0DEA540,2015,제주,5인 미만,전력,전력,13999,그외 기타 분류안된 섬유제품 제조업,-
30,A70D9013403F1CA67479F162E76F0AB677331CCE,2015,제주,5인 미만,전력,전력,31999,그외 기타 달리 분류되지 않은 운송장비 제조업,-
31,BF372EC5350BB3B63EC780F966189D40646A85E7,2015,제주,5인 ~ 9인,전력,전력,10212,수산동물 건조 및 염장품 제조업,-
32,F5AFC794F30A3636BC1E9BA507BBDDE38714B811,2015,제주,5인 ~ 9인,전력,전력,29111,내연기관 제조업,-
33,6007A09A55093D330FBE825A695866EB2B04338D,2015,제주,5인 ~ 9인,전력,전력,20433,화장품 제조업,-
34,AD392B8DF8F8CDFB199611DC69DC3EED645D2571,2015,제주,20인 ~ 49인,전력,전력,10309,기타 과실·채소 가공 및 저장처리업,-
35,FCF6018B5BD9B7F2F066EBC4584A28BB9D14F171,2015,제주,10인 ~ 19인,전력,전력,23911,건설용 석제품 제조업,-
36,5CEE4AFCFF6CC3AA7B89C67A7869AC17AF3DB7F0,2015,제주,5인 ~ 9인,전력,전력,28122,배전반 및 전기자동제어반 제조업,-
37,40D6369501C1125BD9CFE4526C0C280D190F9D14,2015,제주,20인 ~ 49인,경유,경유,17210,골판지 및 골판지상자 제조업,-
38,1FC5E8A7F04CD16DE354F9FAB09E7A611139FA3D,2015,제주,5인 미만,도시가스(LPG),도시가스(LPG),10796,건강보조용 액화식품 제조업,-
39,1F3FBBE66F2D693FD13BD6BC229AADDE7BE588D1,2015,제주,20인 ~ 49인,경유,경유,22250,플라스틱 발포 성형제품 제조업,-
40,75C8DB7593C4C196D8FA63B26F47BEDF065C0EA7,2015,제주,10인 ~ 19인,경유,경유,23322,레미콘 제조업,-
41,6EC69E42D21AC7A332173C1539AAD82CFF6AB9DF,2015,제주,10인 ~ 19인,전력,전력,23911,건설용 석제품 제조업,-
42,399F9111672F1431EA6EE60A934B7290A5699602,2015,제주,5인 ~ 9인,전력,전력,10110,도축업,-
43,0AE1B3F9E8FAEFB29E0B72D5C86E901038706FE3,2015,제주,10인 ~ 19인,프로판,프로판,10800,동물용 사료 및 조제식품 제조업,-
44,9BE470BBE6D9AC5E9461C5FCFC9974CC9CDE59D0,2015,제주,10인 ~ 19인,전력,전력,23325,"콘크리트 타일, 기와, 벽돌 및 블록 제조업",-
45,A70D9013403F1CA67479F162E76F0AB677331CCE,2015,제주,5인 미만,경유,경유,31999,그외 기타 달리 분류되지 않은 운송장비 제조업,-
46,C2AC9AF082B77B087787D8584D4A2B574E7DDEF1,2015,제주,10인 ~ 19인,전력,전력,10794,두부 및 유사식품 제조업,-
47,11BB90E4C7611F1A4A8AEFAF99777702810EA2B4,2015,제주,10인 ~ 19인,전력,전력,17210,골판지 및 골판지상자 제조업,-
48,753D9A3AFEBFC32C59CCF036EC58C96700E5EA66,2015,제주,10인 ~ 19인,경유,경유,22223,플라스틱 창호 제조업,-
49,D807A0FF495E22A28BE72C5404B98903BD04F854,2015,제주,10인 ~ 19인,등유(구:실내등유),등유(구:실내등유),23326,콘크리트관 및 기타 구조용 콘크리트제품 제조업,-
50,A6C4FFE041B396573954ECAA17F6452D616B2F13,2015,제주,10인 ~ 19인,전력,전력,23322,레미콘 제조업,-
51,8BD3992CF8CF5405BC9382A0335500D18B47C4CA,2015,제주,10인 ~ 19인,경유,경유,23911,건설용 석제품 제조업,-
52,85416422B801AE62A0BEE11F73E954708D77D031,2015,제주,10인 ~ 19인,전력,전력,23322,레미콘 제조업,-
53,23643EA64F38522FE1A99985BDCB3D6AFC3B0929,2015,제주,5인 미만,경유,경유,28423,전시 및 광고용 조명장치 제조업,-
54,CE7E4B59AD03210266995D95F37C638DCEB65C15,2015,제주,5인 미만,전력,전력,33209,기타 악기 제조업,-
55,E87FFCB124903FF4716BE39B683414452513FFD8,2015,제주,10인 ~ 19인,전력,전력,10712,빵류 제조업,-
56,33B8D1C22695B315C229B97C59B224B1142187F0,2015,제주,10인 ~ 19인,전력,전력,10301,과실 및 채소 절임식품 제조업,-
57,DA05675D24F694554D7B097C6589CB431F288880,2015,제주,5인 미만,전력,전력,32029,기타 목재가구 제조업,-
58,D411AB3B6B3AF8354BC541E7E15E0C7BC12A8F1F,2015,제주,5인 ~ 9인,전력,전력,10309,기타 과실·채소 가공 및 저장처리업,-
59,F88B30D1D991908B1269DD19943E256BC48D0C36,2015,제주,5인 ~ 9인,경유,경유,18111,경 인쇄업,-
60,D51BEEFE47D76B87AE8804DE10AD2FF6EB9FA0B7,2015,제주,10인 ~ 19인,전력,전력,10798,도시락 및 식사용 조리식품 제조업,-
61,17634EC02FBE38F894DC95ED64F3845B0FDE8280,2015,제주,5인 미만,전력,전력,14130,한복 제조업,-
62,D0E256D70B1F76C8AB81C856CBC634E216CC5B56,2015,제주,5인 ~ 9인,전력,전력,23991,아스콘 제조업,-
63,9377E8444E8CF4E47DAF61A77810A99858058E5C,2015,제주,10인 ~ 19인,전력,전력,23322,레미콘 제조업,-
64,0AEC988455386BDA4523236B44DE6E590502063D,2015,제주,5인 미만,등유(구:실내등유),등유(구:실내등유),16221,목재문 및 관련제품 제조업,-
65,B3F2A3D2F86E6DC374ECC4469E936484250B5563,2015,제주,10인 ~ 19인,경유,경유,10309,기타 과실·채소 가공 및 저장처리업,-
66,B05FA175274CC7F7C8226D373D6141E66870564A,2015,제주,5인 미만,전력,전력,07123,모래 및 자갈 채취업,-
67,DFEB33956DCD5ABD8C56F7EF38D8A14F307B0452,2015,제주,5인 ~ 9인,전력,전력,20433,화장품 제조업,-
68,A5F189B392E78233BB5DD8CE709912F2733AA823,2015,제주,10인 ~ 19인,전력,전력,10129,기타 육류 가공 및 저장처리업,-
69,3740C7C578F296F501ADE25A7127AD295447CBF8,2015,제주,5인 ~ 9인,프로판,프로판,28423,전시 및 광고용 조명장치 제조업,-
70,8D460B0967DFC2E4D160CC3A9BE91D9334C11573,2015,제주,20인 ~ 49인,프로판,프로판,10129,기타 육류 가공 및 저장처리업,-
71,1CF3DD9826DD39C19F39116603A11F5620B6112E,2015,제주,5인 미만,경유,경유,10213,수산동물 냉동품 제조업,-
72,AC539A75C168AF43EBE0F9E0CD6A3AA9B64BE59B,2015,제주,5인 미만,전력,전력,29210,농업 및 임업용 기계 제조업,-
73,9AEF4445778646A7D861345459C80BEAE52F7789,2015,제주,5인 미만,전력,전력,25111,"금속 문, 창, 셔터 및 관련제품 제조업",-
74,1449EF561D3EF2B69CB5CD700F89A859BFA5C60A,2015,제주,10인 ~ 19인,전력,전력,29210,농업 및 임업용 기계 제조업,-
75,86E8443D62DCA5D5F30369059BA3B31896228512,2015,제주,10인 ~ 19인,전력,전력,23322,레미콘 제조업,-
76,3A641EB359770BAFAB5A9960F4108465ABBCB5F1,2015,제주,5인 미만,전력,전력,15211,구두류 제조업,-
77,23643EA64F38522FE1A99985BDCB3D6AFC3B0929,2015,제주,5인 미만,전력,전력,28423,전시 및 광고용 조명장치 제조업,-
78,1583206F5D1E4B73808660E5DF08F727F77334C0,2015,제주,5인 미만,전력,전력,16212,강화 및 재생 목재 제조업,-
79,10C081681F03B1F2D06592B9543688ACC57CB4AB,2015,제주,5인 미만,전력,전력,14130,한복 제조업,-
80,8E5D58915F5CF5944132DE0484E823752AB37069,2015,제주,5인 미만,전력,전력,20121,산업용 가스 제조업,-
81,49B5D5F01137685D6AC74273889D6D734A4974D7,2015,제주,10인 ~ 19인,등유(구:실내등유),등유(구:실내등유),11111,탁주 및 약주 제조업,-
82,EB8916A60C0E22C5421DDA9E8C67F2FDF2AC2E29,2015,제주,20인 ~ 49인,프로판,프로판,10798,도시락 및 식사용 조리식품 제조업,-
83,171F91E5660A85E0F3A7AD235666389A3076C0CC,2015,제주,20인 ~ 49인,전력,전력,10211,"수산동물 훈제, 조리 및 유사 조제식품 제조업",-
84,94893D174D5EF8A26F4DEAC6F3ED9FA4C17C557E,2015,제주,5인 ~ 9인,전력,전력,10800,동물용 사료 및 조제식품 제조업,-
85,38DCB520BF466ACD61E901E32F22F4F810077560,2015,제주,5인 미만,경유,경유,10800,동물용 사료 및 조제식품 제조업,-
86,250AA565DCFA2396A05B3FD1AECFC7FAD5533040,2015,제주,5인 ~ 9인,전력,전력,14192,"근무복, 작업복 및 유사의복 제조업",-
87,C0DED6AF803B66FB154BC8CA238D25826FD8C0A4,2015,제주,5인 미만,전력,전력,29210,농업 및 임업용 기계 제조업,-
88,C6DBA1D648DE3B7AD7138E484B77A81FFA7A8017,2015,제주,10인 ~ 19인,경유,경유,10711,떡류 제조업,-
89,D1DA82DB911C81A86CEBBDECDACEA7F1A8558F6E,2015,제주,5인 미만,전력,전력,25111,"금속 문, 창, 셔터 및 관련제품 제조업",-
90,D9572D112A5066E6F857B172A93BE40D7289404F,2015,제주,5인 ~ 9인,전력,전력,16221,목재문 및 관련제품 제조업,-
91,EC3356C5C124959B66FED344D5E42A2E4639CBB3,2015,제주,10인 ~ 19인,전력,전력,11201,얼음 제조업,-
92,27DA2085F532F53B18BB3E9902A6F4BEB24E1F27,2015,제주,5인 미만,전력,전력,32029,기타 목재가구 제조업,-
93,DE73917F8725DD4BEC8317720DC4C7C6164F631C,2015,제주,5인 미만,전력,전력,27216,산업처리공정 제어장비 제조업,-
94,2449CD65F515727CD65C56A49029659D58941DEE,2015,제주,5인 미만,전력,전력,16101,일반 제재업,-
95,0E9D3538B3102FF3A24A05D96F75AA0560E0A277,2015,제주,5인 ~ 9인,전력,전력,24191,"도금, 착색 및 기타 표면처리강재 제조업",-
96,8468E0909BB6C516FF35F3BC8AD638E43A6FA603,2015,제주,5인 미만,경유,경유,28423,전시 및 광고용 조명장치 제조업,-
97,1022D50C4D4EBC5E8BE90ABF791E54534950FC62,2015,제주,10인 ~ 19인,전력,전력,32029,기타 목재가구 제조업,-
98,D2F80F1F41F6F536A06E9588D0479B0F8CD12150,2015,제주,10인 ~ 19인,경유,경유,22211,"플라스틱 선, 봉, 관 및 호스 제조업",-
99,00F68963AC69DA3F77B89DF8736B797E010FE8D8,2015,제주,10인 ~ 19인,전력,전력,10129,기타 육류 가공 및 저장처리업,-
100,9377E8444E8CF4E47DAF61A77810A99858058E5C,2015,제주,10인 ~ 19인,경유,경유,23322,레미콘 제조업,-
101,ADBB32DC7B1A74118C86C9E644C8E374ED22DDEC,2015,제주,5인 미만,경유,경유,16221,목재문 및 관련제품 제조업,-
102,41654B2006CD42C5711C97570092C36C12C3C39B,2015,제주,5인 ~ 9인,전력,전력,10129,기타 육류 가공 및 저장처리업,-
103,347696C332BD89EC1E11E59DBE73EBB4FBF75169,2015,제주,20인 ~ 49인,전력,전력,27192,정형외과용 및 신체보정용 기기 제조업,-
104,8790D6BDE76C0DA836F4B51660A03570C6184F92,2015,제주,10인 ~ 19인,전력,전력,10792,차류 가공업,-
105,3FEC6D7EF61909C07D0F50AE337B446F7895F12E,2015,제주,5인 미만,전력,전력,10402,식물성 유지 제조업,-
106,C6DBA1D648DE3B7AD7138E484B77A81FFA7A8017,2015,제주,10인 ~ 19인,전력,전력,10711,떡류 제조업,-
107,7D75C26C44C82A036DF6F16AEA194C8B782C7E43,2015,제주,5인 미만,전력,전력,11119,기타 발효주 제조업,-
108,6BBEDA76153525B8F3102937298EB4BF7D951287,2015,제주,10인 ~ 19인,프로판,프로판,10798,도시락 및 식사용 조리식품 제조업,-
109,A42F0497206ED683DE1387C1A47878171F7197F5,2015,제주,5인 ~ 9인,전력,전력,28122,배전반 및 전기자동제어반 제조업,-
110,04621296C8BC025B05459051B921BE513F0DB6DA,2015,제주,5인 미만,전력,전력,10402,식물성 유지 제조업,-
111,9F42235609E77ED67A971371894849911E41CAE0,2015,제주,5인 미만,전력,전력,10129,기타 육류 가공 및 저장처리업,-
112,A59B276BE7DE75B8581F19D77F39867947F887F7,2015,제주,300인 ~ 499인,도시가스(LPG),도시가스(LPG),11202,생수 생산업,-
113,82FD032BEC9609198FE1A46FBCEF0C53D4C2A192,2015,제주,5인 미만,전력,전력,25932,일반철물 제조업,-
114,B41D3F66137B6A319A03CD5A65076EDD7CADEDBE,2015,제주,10인 ~ 19인,전력,전력,10800,동물용 사료 및 조제식품 제조업,-
115,6E9F0D640D1499D0A9AC21CC1B51909D560640BB,2015,제주,10인 ~ 19인,전력,전력,10121,가금류 가공 및 저장 처리업,-
116,4F196A22ED1B1B1CFF4B0E207EE33309E65707AF,2015,제주,20인 ~ 49인,경유,경유,07123,모래 및 자갈 채취업,-
117,E07C6E24BA0ECF560C63AF99C59E0E6D7C590C2B,2015,제주,10인 ~ 19인,전력,전력,10301,과실 및 채소 절임식품 제조업,-
118,24E406EC674C71B09CA3F93372DF9E344F5C45A0,2015,제주,10인 ~ 19인,전력,전력,10800,동물용 사료 및 조제식품 제조업,-
119,9F3E2BD652674DEE2706028588E9A7BAC630B680,2015,제주,5인 미만,전력,전력,15211,구두류 제조업,-
120,75C8DB7593C4C196D8FA63B26F47BEDF065C0EA7,2015,제주,10인 ~ 19인,전력,전력,23322,레미콘 제조업,-
121,1CF3DD9826DD39C19F39116603A11F5620B6112E,2015,제주,5인 미만,전력,전력,10213,수산동물 냉동품 제조업,-
122,94B99C77BE7E5AD5F9BCEF7B1CB32C85D321CE6A,2015,제주,5인 미만,전력,전력,13224,천막 및 기타 캔버스 제품 제조업,-
123,F02AA9E1405623FA85C6458CE95310A3810BB1E0,2015,제주,5인 미만,전력,전력,33303,낚시 및 수렵용구 제조업,-
124,AEE6AFECDDFD00C6725B7422A7C41287392B63E7,2015,제주,10인 ~ 19인,전력,전력,28111,전동기 및 발전기 제조업,-
125,13C4A40943DF219FA64B9E52B1C4721910A4027F,2015,제주,5인 ~ 9인,전력,전력,32029,기타 목재가구 제조업,-
126,4392E6A32963BA5B24FBA5F50B90F8C5FBCB14F1,2015,제주,5인 ~ 9인,전력,전력,33910,간판 및 광고물 제조업,-
127,A0751424F87411E9064A752581CEAE419B140C97,2015,제주,10인 ~ 19인,전력,전력,10129,기타 육류 가공 및 저장처리업,-
128,6F4BD5FB8E9E82C32ED5E39098B03D52D0DEA540,2015,제주,5인 미만,경유,경유,13999,그외 기타 분류안된 섬유제품 제조업,-
129,121C21440808FB05351A91FFED7D48E6031CCBF5,2015,제주,5인 ~ 9인,휘발유,휘발유,27192,정형외과용 및 신체보정용 기기 제조업,-
130,C6DBA1D648DE3B7AD7138E484B77A81FFA7A8017,2015,제주,10인 ~ 19인,등유(구:실내등유),등유(구:실내등유),10711,떡류 제조업,-
131,2B20FE275F168054427FCE1AAC7F8AE8469544C6,2015,제주,5인 미만,등유(구:실내등유),등유(구:실내등유),27192,정형외과용 및 신체보정용 기기 제조업,-
132,DE73917F8725DD4BEC8317720DC4C7C6164F631C,2015,제주,5인 미만,경유,경유,27216,산업처리공정 제어장비 제조업,-
133,56DAECC7FA2F0D94F3C0AB5EA5CC8B7A41406EFD,2015,제주,5인 미만,전력,전력,10612,곡물 제분업,-
134,3740C7C578F296F501ADE25A7127AD295447CBF8,2015,제주,5인 ~ 9인,전력,전력,28423,전시 및 광고용 조명장치 제조업,-
135,8C87445ED89B0ADA35BA0CA84D8722C99BA4A9ED,2015,제주,5인 ~ 9인,경유,경유,22223,플라스틱 창호 제조업,-
136,A81D8E6AF99088661977C14AA9E58F91A7690B79,2015,제주,5인 ~ 9인,도시가스(LPG),도시가스(LPG),13229,기타 직물제품 제조업,-
137,9FBD542FBBEFA103823F7CF68B9615B1A4AA2423,2015,제주,5인 ~ 9인,경유,경유,28122,배전반 및 전기자동제어반 제조업,-
138,03F713CCF7778E0893FD630EE57E04A45366B652,2015,제주,20인 ~ 49인,전력,전력,17210,골판지 및 골판지상자 제조업,-
139,B38906BE0271259618C9F252653F7B2771236C59,2015,제주,5인 미만,도시가스(LPG),도시가스(LPG),14130,한복 제조업,-
140,3DD14987B3BBE9C59DAAA9F96C1D381AEF4C8E32,2015,제주,20인 ~ 49인,전력,전력,23322,레미콘 제조업,-
141,9FBD542FBBEFA103823F7CF68B9615B1A4AA2423,2015,제주,5인 ~ 9인,전력,전력,28122,배전반 및 전기자동제어반 제조업,-
142,DA09C5A32EBD7F89C7AF03AB4CF8EF1AE887B897,2015,제주,10인 ~ 19인,전력,전력,20433,화장품 제조업,-
143,D5082BE177CA2FAA047679B44CCF52622B75778F,2015,제주,5인 ~ 9인,도시가스(LPG),도시가스(LPG),27192,정형외과용 및 신체보정용 기기 제조업,-
144,1263A4CAE47C7850E81A9BAFB76CB7D4614D7E84,2015,제주,5인 ~ 9인,경유,경유,11201,얼음 제조업,-
145,7E6A73AB35A381BD460E3466CDBA574267103926,2015,제주,20인 ~ 49인,전력,전력,23919,기타 석제품 제조업,-
146,EE04E525AEBD8B799A06ABDCD8D701AD5FA5F3B8,2015,제주,5인 미만,전력,전력,27192,정형외과용 및 신체보정용 기기 제조업,-
147,818E8FF222130BA5F0DD517BA6FBF0BCE05C6E8D,2015,제주,5인 미만,경유,경유,14130,한복 제조업,-
148,6008A0A05EB4F8EC6B5478494951FA8673BDC9C6,2015,제주,10인 ~ 19인,전력,전력,23322,레미콘 제조업,-
149,5497187A434C509E33C41038048F577FA7BCE999,2015,제주,10인 ~ 19인,경유,경유,10129,기타 육류 가공 및 저장처리업,-
150,510A13741EBE8771ACC4553BEFDAFD4F90FF5F91,2015,제주,10인 ~ 19인,경유,경유,28122,배전반 및 전기자동제어반 제조업,-
151,2BA00502476363AE6946FE0DFB006783A5544CA2,2015,제주,10인 ~ 19인,전력,전력,20112,천연수지 및 나무화학물질 제조업,-
152,A9877749D63E85150E8489601D21E570ACC3F8CA,2015,제주,5인 미만,전력,전력,11201,얼음 제조업,-
153,D2BADD9F819A39D3DA175E873DDB2153876C35B7,2015,제주,50인 ~ 99인,전력,전력,11202,생수 생산업,-
154,45D992ACF78DD914928933A29E0AB0A04538506A,2015,제주,5인 ~ 9인,전력,전력,29210,농업 및 임업용 기계 제조업,-
155,5FBA2EF76E51F764D44620463ECD53C2AAD53486,2015,제주,10인 ~ 19인,프로판,프로판,11209,기타 비알콜음료 제조업,-
156,EF6EE95C331438344B11781F1E656652A3595FFD,2015,제주,20인 ~ 49인,등유(구:실내등유),등유(구:실내등유),10309,기타 과실·채소 가공 및 저장처리업,-
157,FA4BD2068C9316D087F7D0D30A642623C5576021,2015,제주,5인 미만,경유,경유,29171,산업용 냉장 및 냉동 장비 제조업,-
158,EF6EE95C331438344B11781F1E656652A3595FFD,2015,제주,20인 ~ 49인,경유,경유,10309,기타 과실·채소 가공 및 저장처리업,-
159,B794F770F8895DA0B86903843775F22F5A81DCB8,2015,제주,5인 ~ 9인,전력,전력,28122,배전반 및 전기자동제어반 제조업,-
160,13DF909F5719E251325E2DC14663C714E47917AA,2015,제주,5인 미만,경유,경유,22223,플라스틱 창호 제조업,-
161,18C8934665542186B204F23EF567E2E99B9F0B4C,2015,제주,10인 ~ 19인,전력,전력,23122,판유리 가공품 제조업,-
162,818E8FF222130BA5F0DD517BA6FBF0BCE05C6E8D,2015,제주,5인 미만,전력,전력,14130,한복 제조업,-
163,F0C9676A87D4D52D7D541A6D5FD276B9D5923D0E,2015,제주,5인 미만,전력,전력,33910,간판 및 광고물 제조업,-
164,8DBDE875C83999CC566BB2D3074FB90FE9AA7B98,2015,제주,5인 미만,도시가스(LPG),도시가스(LPG),15211,구두류 제조업,-
165,B4A0F62AB6320B5FBA451BAD322ED66866A25171,2015,제주,20인 ~ 49인,도시가스(LPG),도시가스(LPG),10730,"면류, 마카로니 및 유사식품 제조업",-
166,E375A601F32FCEA4D6947049BE36DDD88D69B35F,2015,제주,5인 ~ 9인,전력,전력,27192,정형외과용 및 신체보정용 기기 제조업,-
167,9B9ED5B895952AB7A10FD8BAC5EA0B3F1AA9E3BB,2015,제주,20인 ~ 49인,부탄,부탄,10713,코코아 제품 및 과자류 제조업,-
168,23AD164A7989CFAA288FFF5CA4761A4B5C40C5EE,2015,제주,10인 ~ 19인,경유,경유,23911,건설용 석제품 제조업,-
169,0AE1B3F9E8FAEFB29E0B72D5C86E901038706FE3,2015,제주,10인 ~ 19인,전력,전력,10800,동물용 사료 및 조제식품 제조업,-
170,FF061C7F237305F29B6B1ECD248533E0323E4686,2015,제주,5인 ~ 9인,전력,전력,10611,곡물 도정업,-
171,4797DD6C59B925508DBD2756BBE151F1A6AEB3CD,2015,제주,20인 ~ 49인,전력,전력,10792,차류 가공업,-
172,E1ABFF837764EF8DA93EDB6C29A6F453A232EC3E,2015,제주,5인 ~ 9인,전력,전력,20209,기타 비료 및 질소화합물 제조업,-
173,F30EB1C8F86461F5F32B50EA1CA396D33FB53C28,2015,제주,10인 ~ 19인,전력,전력,10713,코코아 제품 및 과자류 제조업,-
174,4D81AE429959498ABD09B141F5D4028ED655F4FC,2015,제주,10인 ~ 19인,전력,전력,11209,기타 비알콜음료 제조업,-
175,2A8ED95E798C53BDA212A45F406030E61F88AF61,2015,제주,5인 ~ 9인,전력,전력,13922,어망 및 기타 끈가공품 제조업,-
176,26D983799F043DBBFC25BD95C312E51987FD6A17,2015,제주,50인 ~ 99인,전력,전력,11122,소주 제조업,-
177,B4A0F62AB6320B5FBA451BAD322ED66866A25171,2015,제주,20인 ~ 49인,경유,경유,10730,"면류, 마카로니 및 유사식품 제조업",-
178,42788111F25E9B8CB44FE6406B6E54F0EE4841CB,2015,제주,10인 ~ 19인,프로판,프로판,10212,수산동물 건조 및 염장품 제조업,-
179,F1F3327F4EF02A18B71C3E51C54F8586C7A3D148,2015,제주,10인 ~ 19인,전력,전력,20433,화장품 제조업,-
180,67A7B8A9D86CCBA0E933390F4C3028DCC9D81548,2015,제주,5인 ~ 9인,경유,경유,23122,판유리 가공품 제조업,-
181,FF061C7F237305F29B6B1ECD248533E0323E4686,2015,제주,5인 ~ 9인,등유(구:실내등유),등유(구:실내등유),10611,곡물 도정업,-
182,D5082BE177CA2FAA047679B44CCF52622B75778F,2015,제주,5인 ~ 9인,전력,전력,27192,정형외과용 및 신체보정용 기기 제조업,-
183,CE9AAC070D60970F9FE8767899876CC43C210F7A,2015,제주,5인 ~ 9인,전력,전력,10301,과실 및 채소 절임식품 제조업,-
184,8EB28CF0147F07836A4CF75021E42275EAF6E4A9,2015,제주,20인 ~ 49인,경유,경유,10129,기타 육류 가공 및 저장처리업,-
185,C708F302D21351EE121BDF59DB74B219B5CB4E45,2015,제주,5인 ~ 9인,전력,전력,29210,농업 및 임업용 기계 제조업,-
186,6D743DDD8605F9AFE51C7B73ED30FDC0AAF1234B,2015,제주,5인 ~ 9인,전력,전력,10129,기타 육류 가공 및 저장처리업,-
187,3B5B3EC6EA0A78950B1FF8DD829CAAEF9657A120,2015,제주,5인 미만,전력,전력,29120,유압기기 제조업,-
188,E266B6EA919B9D883F7D5B46EC01F0E56FCB1ADD,2015,제주,20인 ~ 49인,전력,전력,10129,기타 육류 가공 및 저장처리업,-
189,3D2BFEFE7CD228E8FED7C90192FDDF53B3270D89,2015,제주,10인 ~ 19인,전력,전력,23122,판유리 가공품 제조업,-
190,B964D75F7332477197B6D04FB8E3036D94D50CA1,2015,제주,5인 ~ 9인,경유,경유,16101,일반 제재업,-
191,6CF0BD078A5BA5BB11206B9E7A704FAC7346A9E0,2015,제주,10인 ~ 19인,전력,전력,23322,레미콘 제조업,-
192,3AA3EF18C39E8A10BC00C9126783661E1B816145,2015,제주,5인 ~ 9인,등유(구:실내등유),등유(구:실내등유),10711,떡류 제조업,-
193,F58FE7098D6F43885B75E28FDAB28E309DDB2F48,2015,제주,5인 ~ 9인,전력,전력,18111,경 인쇄업,-
194,DA09C5A32EBD7F89C7AF03AB4CF8EF1AE887B897,2015,제주,10인 ~ 19인,등유(구:실내등유),등유(구:실내등유),20433,화장품 제조업,-
195,0C299BB5A82161D9630FAFCE66FC8745B38549E3,2015,제주,10인 ~ 19인,전력,전력,10212,수산동물 건조 및 염장품 제조업,-
196,502E24FC53EDF5291629862F220EA2112C68142F,2015,제주,10인 ~ 19인,전력,전력,29174,기체 여과기 제조업,-
197,13C4A40943DF219FA64B9E52B1C4721910A4027F,2015,제주,5인 ~ 9인,등유(구:실내등유),등유(구:실내등유),32029,기타 목재가구 제조업,-
198,6AB8D321C4AE72768C3CC2E85806C1D785A0C295,2015,제주,10인 ~ 19인,전력,전력,10611,곡물 도정업,-
199,0D74020A5118C318565397B9A2B298115EE4D409,2015,제주,5인 미만,전력,전력,31113,비철금속 선박 및 기타 항해용 선박 건조업,-
200,DE5865F0E542A66A06D5ABE173588FF44B214136,2015,제주,20인 ~ 49인,전력,전력,11122,소주 제조업,-
201,9F42235609E77ED67A971371894849911E41CAE0,2015,제주,5인 미만,경유,경유,10129,기타 육류 가공 및 저장처리업,-
202,DE73917F8725DD4BEC8317720DC4C7C6164F631C,2015,제주,5인 미만,도시가스(LPG),도시가스(LPG),27216,산업처리공정 제어장비 제조업,-
203,FCF6018B5BD9B7F2F066EBC4584A28BB9D14F171,2015,제주,10인 ~ 19인,경유,경유,23911,건설용 석제품 제조업,-
204,6E7A843E2FDF6F925AD34B561CED872AFD13F307,2015,제주,5인 ~ 9인,경유,경유,07122,건설용 쇄석 생산업,-
205,2E4771244FFEDF9A5314A3AEEB51098B38FDB2AD,2015,제주,5인 ~ 9인,전력,전력,10213,수산동물 냉동품 제조업,-
206,51FBB048882A9867F530A71EA44BD53669CF93DA,2015,제주,20인 ~ 49인,전력,전력,10129,기타 육류 가공 및 저장처리업,-
207,E28ABE6AB7DE0382102AE8F87CE7BB18C03488E7,2015,제주,20인 ~ 49인,등유(구:실내등유),등유(구:실내등유),10792,차류 가공업,-
208,AD392B8DF8F8CDFB199611DC69DC3EED645D2571,2015,제주,20인 ~ 49인,프로판,프로판,10309,기타 과실·채소 가공 및 저장처리업,-
209,C761AE51A73D32C5654B8F6AD0542C90D13770AB,2015,제주,5인 ~ 9인,전력,전력,10129,기타 육류 가공 및 저장처리업,-
210,ABB75F6E05066C99528B1C09FE5B816DA3C744E5,2015,제주,10인 ~ 19인,전력,전력,22223,플라스틱 창호 제조업,-
211,18C5A38E9184C6172040038ABD9B9D4FB2FB7D51,2015,제주,5인 미만,경유,경유,10620,전분제품 및 당류 제조업,-
212,20768DA56682F2A3CF1CC210DDFA5B1DF6AE29B7,2015,제주,10인 ~ 19인,경유,경유,28122,배전반 및 전기자동제어반 제조업,-
213,1ADCB9DB2F484879B97853CFE3530C7FC35F4332,2015,제주,10인 ~ 19인,전력,전력,25112,구조용 금속판제품 및 금속공작물 제조업,-
214,8D460B0967DFC2E4D160CC3A9BE91D9334C11573,2015,제주,20인 ~ 49인,전력,전력,10129,기타 육류 가공 및 저장처리업,-
215,7C1628C54664819F3112A0FAC158CA32071EA327,2015,제주,5인 미만,전력,전력,18111,경 인쇄업,-
216,4050BB3B677DBA777A0F42BEA07FE2F83FE04548,2015,제주,5인 ~ 9인,전력,전력,33910,간판 및 광고물 제조업,-
217,85CD9D7472F4AE554A96E30DCB32DC2E290AC872,2015,제주,5인 미만,경유,경유,23919,기타 석제품 제조업,-
218,2FAF4B0988B4C22DBCC925FA2223A0B7EA38F320,2015,제주,5인 ~ 9인,전력,전력,33910,간판 및 광고물 제조업,-
219,85301E6E423CF70708B660829E323D1728E483C3,2015,제주,5인 미만,전력,전력,16101,일반 제재업,-
220,3A38779E91C29BE6CD933E99F424513BB64F958E,2015,제주,20인 ~ 49인,도시가스(LPG),도시가스(LPG),22232,포장용 플라스틱 성형용기 제조업,-
221,61E4C7480C44F30F728E00EB6E923A06B175C6E6,2015,제주,5인 ~ 9인,경유,경유,29210,농업 및 임업용 기계 제조업,-
222,6B85E9E1365FCB1811DD9B064B69E6ACB86EBFF3,2015,제주,10인 ~ 19인,전력,전력,23991,아스콘 제조업,-
223,95DA7B99D9C07C59D2CBD63A805FD70F70E2D445,2015,제주,5인 미만,전력,전력,27192,정형외과용 및 신체보정용 기기 제조업,-
224,2673CC453F63B7141C572A7E49E78C193E5A0E3D,2015,제주,5인 ~ 9인,경유,경유,32021,주방용 및 음식점용 목재가구 제조업,-
225,2C3E2B671B2FF0C9A64A45E6F941C14FAE503ADF,2015,제주,10인 ~ 19인,경유,경유,10212,수산동물 건조 및 염장품 제조업,-
226,B794F770F8895DA0B86903843775F22F5A81DCB8,2015,제주,5인 ~ 9인,등유(구:실내등유),등유(구:실내등유),28122,배전반 및 전기자동제어반 제조업,-
227,70DC9E9B17FAB8A621201B184703EEC6D8C54247,2015,제주,5인 ~ 9인,전력,전력,07122,건설용 쇄석 생산업,-
228,879C76041A5E4C69DF92D74D83E37AA1560E65EA,2015,제주,10인 ~ 19인,전력,전력,23322,레미콘 제조업,-
229,EF746A04EF140FAE6B02415A131B234BF0763F14,2015,제주,5인 ~ 9인,전력,전력,10129,기타 육류 가공 및 저장처리업,-
230,E9C224C0D5598E67546329661AA3803C7BC7FE40,2015,제주,20인 ~ 49인,등유(구:실내등유),등유(구:실내등유),23326,콘크리트관 및 기타 구조용 콘크리트제품 제조업,-
231,E28ABE6AB7DE0382102AE8F87CE7BB18C03488E7,2015,제주,20인 ~ 49인,전력,전력,10792,차류 가공업,-
232,7723C3DACA243EC3A0891831CB0A8CB59A22E0C9,2015,제주,10인 ~ 19인,경유,경유,10713,코코아 제품 및 과자류 제조업,-
233,08CE4A43305190045D8DC4E1C92A5E17E725173A,2015,제주,10인 ~ 19인,전력,전력,23322,레미콘 제조업,-
234,021B501803C93915B2D6C58FFE2B30A7AAD7D559,2015,제주,10인 ~ 19인,전력,전력,29210,농업 및 임업용 기계 제조업,-
235,C92201A5BA8F65C765AF24E69CD20A37562BC5A0,2015,제주,5인 ~ 9인,전력,전력,23322,레미콘 제조업,-
236,A59B276BE7DE75B8581F19D77F39867947F887F7,2015,제주,300인 ~ 499인,경유,경유,11202,생수 생산업,-
237,B7606F48F921E9D0E291DB6DADA0C52D672599D3,2015,제주,10인 ~ 19인,전력,전력,33910,간판 및 광고물 제조업,-
238,ED20AAFC630E091D445F35ECBAAB88F815025B54,2015,제주,20인 ~ 49인,전력,전력,10129,기타 육류 가공 및 저장처리업,-
239,C48C486BB22C1E6965FF951472930DAD55A70FCB,2015,제주,5인 미만,휘발유,휘발유,15129,가방 및 기타 보호용 케이스 제조업,-
240,EA3B7DD642A1AED9885811C776A3D6B67946E619,2015,제주,5인 미만,경유,경유,10129,기타 육류 가공 및 저장처리업,-
241,BF2F2CBF4CDB5268F2CE1A4165A9BA4756C19CDD,2015,제주,5인 ~ 9인,전력,전력,20209,기타 비료 및 질소화합물 제조업,-
242,3B3E6C064D7E2FC05130C34B751E6054DDCB8389,2015,제주,20인 ~ 49인,전력,전력,10309,기타 과실·채소 가공 및 저장처리업,-
243,AD9D42ECED6F6CE0A398F9EF663003A912DC5B21,2015,제주,5인 미만,전력,전력,23211,가정용 및 장식용 도자기 제조업,-
244,171F91E5660A85E0F3A7AD235666389A3076C0CC,2015,제주,20인 ~ 49인,경유,경유,10211,"수산동물 훈제, 조리 및 유사 조제식품 제조업",-
245,C90A2CD058D1723025EEF20A7464402437CA1B82,2015,제주,10인 ~ 19인,전력,전력,20499,그외 기타 분류안된 화학제품 제조업,-
246,808CC831DE9C983AC17DF556D0D3094786D86577,2015,제주,5인 ~ 9인,경유,경유,23911,건설용 석제품 제조업,-
247,8E68B7CC166D226484CC87FBFFA626AD7FDAA33E,2015,제주,10인 ~ 19인,경유,경유,10129,기타 육류 가공 및 저장처리업,-
248,2B20FE275F168054427FCE1AAC7F8AE8469544C6,2015,제주,5인 미만,전력,전력,27192,정형외과용 및 신체보정용 기기 제조업,-
249,4C5C978E3481FF533AEBFD4F49F101EE1B54E4DA,2015,제주,10인 ~ 19인,전력,전력,23322,레미콘 제조업,-
250,81E826835C9EF2CEA7E80D61FEED46E480DDFACF,2015,제주,20인 ~ 49인,전력,전력,10129,기타 육류 가공 및 저장처리업,-
251,EB8916A60C0E22C5421DDA9E8C67F2FDF2AC2E29,2015,제주,20인 ~ 49인,전력,전력,10798,도시락 및 식사용 조리식품 제조업,-
252,632291767E07FF66C08636169287463262B5C6AF,2015,제주,20인 ~ 49인,경유,경유,20202,복합비료 제조업,-
253,E6F0F90929BC7DF8D6886775371E3083A06F45DB,2015,제주,5인 미만,경유,경유,29210,농업 및 임업용 기계 제조업,-
254,A2B037C2918C748807F34A90BC6444C9FE26DAF1,2015,제주,5인 ~ 9인,경유,경유,25111,"금속 문, 창, 셔터 및 관련제품 제조업",-
255,B9ED3464C65061A21AB2335EF2683FC897DDD918,2015,제주,10인 ~ 19인,B-B유(중유),B-B유(중유),10401,동물성 유지 제조업,-
256,9CD1A634C074C3BB3E1DE640EE89D0475CE45119,2015,제주,5인 미만,전력,전력,13402,직물 및 편조원단 염색 가공업,-
257,97C57BC3F6D0C7E520E77FB1502F013676B00AF8,2015,제주,5인 미만,전력,전력,28423,전시 및 광고용 조명장치 제조업,-
258,A59B276BE7DE75B8581F19D77F39867947F887F7,2015,제주,300인 ~ 499인,등유(구:실내등유),등유(구:실내등유),11202,생수 생산업,-
259,608F31FB6E8D68DE45F45BC54BD9C455B25989A3,2015,제주,20인 ~ 49인,경유,경유,23911,건설용 석제품 제조업,-
260,EF65F821C1E6B38C4A2698AD12A9959AEC1B954E,2015,제주,5인 미만,전력,전력,11201,얼음 제조업,-
261,8B16EAD3914FF9ED4A375674FA4C32DB4887362D,2015,제주,10인 ~ 19인,경유,경유,11201,얼음 제조업,-
262,216AA00E1CEA0D4F788D7101C391CE72BABA41BB,2015,제주,5인 미만,전력,전력,18111,경 인쇄업,-
263,410B74B0EB163E837856486E518BC7708107BD50,2015,제주,5인 미만,전력,전력,24199,그외 기타 1차 철강 제조업,-
264,7ECB3BB4AFC619650B11B83F2BF37FF7E1E45192,2015,제주,10인 ~ 19인,전력,전력,23322,레미콘 제조업,-
265,06B525D0884366CB7000A59FAB1144697288758F,2015,제주,5인 미만,전력,전력,32021,주방용 및 음식점용 목재가구 제조업,-
266,49A392CCD79B3EB709BB0D16A558F8C766FFB0AF,2015,제주,5인 미만,전력,전력,18111,경 인쇄업,-
267,42788111F25E9B8CB44FE6406B6E54F0EE4841CB,2015,제주,10인 ~ 19인,전력,전력,10212,수산동물 건조 및 염장품 제조업,-
268,D7240395508454A9650B0FDE332948CD67B0F3DF,2015,제주,20인 ~ 49인,경유,경유,10800,동물용 사료 및 조제식품 제조업,-
269,6008A0A05EB4F8EC6B5478494951FA8673BDC9C6,2015,제주,10인 ~ 19인,휘발유,휘발유,23322,레미콘 제조업,-
270,86E8443D62DCA5D5F30369059BA3B31896228512,2015,제주,10인 ~ 19인,경유,경유,23322,레미콘 제조업,-
271,A6BD44BD75C83A5179A95B6FF9F5515029189089,2015,제주,20인 ~ 49인,경유,경유,10794,두부 및 유사식품 제조업,-
272,F5227CCD8D96402FE6F389F7652A7CA9ED6A7C2F,2015,제주,10인 ~ 19인,전력,전력,23322,레미콘 제조업,-
273,F40C4E397D1235175ACC0D926E8D97BE1CE88502,2015,제주,5인 미만,전력,전력,28511,주방용 전기기기 제조업,-
274,3A38779E91C29BE6CD933E99F424513BB64F958E,2015,제주,20인 ~ 49인,경유,경유,22232,포장용 플라스틱 성형용기 제조업,-
275,EDD5DDDA423C1A6827D68360A21A80EAC0460EB4,2015,제주,5인 미만,도시가스(LPG),도시가스(LPG),23211,가정용 및 장식용 도자기 제조업,-
276,72DA7BD535FE81A0D9D3FE8C044E3C21E9094BDA,2015,제주,5인 ~ 9인,전력,전력,19229,기타 석유정제물 재처리업,-
277,9E67E0C35A2BCE2FF69190D88A36FB09A0333CCE,2015,제주,5인 미만,전력,전력,10800,동물용 사료 및 조제식품 제조업,-
278,C81982DA8C5F88FFE5CB010E4E296E511CB1409A,2015,제주,10인 ~ 19인,전력,전력,23919,기타 석제품 제조업,-
279,75331791EACB84F3EFC6A8BE114A18E6F12DFD40,2015,제주,10인 ~ 19인,전력,전력,17210,골판지 및 골판지상자 제조업,-
280,879C76041A5E4C69DF92D74D83E37AA1560E65EA,2015,제주,10인 ~ 19인,경유,경유,23322,레미콘 제조업,-
281,C92201A5BA8F65C765AF24E69CD20A37562BC5A0,2015,제주,5인 ~ 9인,경유,경유,23322,레미콘 제조업,-
282,38DCB520BF466ACD61E901E32F22F4F810077560,2015,제주,5인 미만,전력,전력,10800,동물용 사료 및 조제식품 제조업,-
283,4A2FEBEFA3E606D37E8306D9B064B470A479A4AC,2015,제주,5인 미만,전력,전력,13224,천막 및 기타 캔버스 제품 제조업,-
284,1EF120CBAEBD2F24AF44EE731B5E0CFC0DCDCE4A,2015,제주,5인 ~ 9인,경유,경유,25913,금속압형제품 제조업,-
285,7AA113B8DA9DB5569A71C14301F9F25862220C17,2015,제주,10인 ~ 19인,전력,전력,10129,기타 육류 가공 및 저장처리업,-
286,FA9DB77DF6F6D4470CFAA42CBEAEE3BE702D8655,2015,제주,10인 ~ 19인,경유,경유,10309,기타 과실·채소 가공 및 저장처리업,-
287,7A90719A70C043DB9913CE1FBBA117494C0D3E03,2015,제주,5인 ~ 9인,전력,전력,31120,오락 및 스포츠용 보트 건조업,-
288,1D0540F6CEE9DC70D5755BF4A4D737CABFB7674D,2015,제주,20인 ~ 49인,전력,전력,15129,가방 및 기타 보호용 케이스 제조업,-
289,FB6469600BECCF0AFA5A6B109981DEACFB968837,2015,제주,10인 ~ 19인,전력,전력,22211,"플라스틱 선, 봉, 관 및 호스 제조업",-
290,3622189E48B84F35060266DC25B7458EC4E193D2,2015,제주,20인 ~ 49인,경유,경유,10713,코코아 제품 및 과자류 제조업,-
291,30896E5F82615B6FFA671C2D150A6A50B46AE28F,2015,제주,5인 ~ 9인,전력,전력,10309,기타 과실·채소 가공 및 저장처리업,-
292,753CFEE103E99E94EB6A57C2C6B8B79762B16F1B,2015,제주,5인 ~ 9인,등유(구:실내등유),등유(구:실내등유),10309,기타 과실·채소 가공 및 저장처리업,-
293,3A38779E91C29BE6CD933E99F424513BB64F958E,2015,제주,20인 ~ 49인,전력,전력,22232,포장용 플라스틱 성형용기 제조업,-
294,3E28A8283924D6480EBC6150458CABF8F2265C45,2015,제주,10인 ~ 19인,등유(구:실내등유),등유(구:실내등유),10797,건강기능식품 제조업,-
295,3A641EB359770BAFAB5A9960F4108465ABBCB5F1,2015,제주,5인 미만,도시가스(LPG),도시가스(LPG),15211,구두류 제조업,-
296,E28ABE6AB7DE0382102AE8F87CE7BB18C03488E7,2015,제주,20인 ~ 49인,경유,경유,10792,차류 가공업,-
297,9434FCD475A8A0FD55AF4CD9D3E9F982D3218366,2015,제주,10인 ~ 19인,전력,전력,10611,곡물 도정업,-
298,D306F9FB9955CF97F303072D8ED6880AF19ECD01,2015,제주,10인 ~ 19인,경유,경유,23322,레미콘 제조업,-
299,ABB9675D2EE7E559D4438CEC970BC48947409873,2015,제주,5인 미만,전력,전력,11201,얼음 제조업,-
300,11BB90E4C7611F1A4A8AEFAF99777702810EA2B4,2015,제주,10인 ~ 19인,경유,경유,17210,골판지 및 골판지상자 제조업,-
301,7E6A73AB35A381BD460E3466CDBA574267103926,2015,제주,20인 ~ 49인,도시가스(LPG),도시가스(LPG),23919,기타 석제품 제조업,-
302,8A805A854ACDFD109236F3367D0C8D3583AE127C,2015,제주,5인 미만,전력,전력,10309,기타 과실·채소 가공 및 저장처리업,-
303,A05FCE08C798C376DFF5F8264C444BE6A5EDD252,2015,제주,5인 미만,전력,전력,10129,기타 육류 가공 및 저장처리업,-
304,4EB22935DDFE7CADB999AF7FC0FD0DA30BDD93C3,2015,제주,5인 ~ 9인,경유,경유,10309,기타 과실·채소 가공 및 저장처리업,-
305,85CD9D7472F4AE554A96E30DCB32DC2E290AC872,2015,제주,5인 미만,전력,전력,23919,기타 석제품 제조업,-
306,4A2FEBEFA3E606D37E8306D9B064B470A479A4AC,2015,제주,5인 미만,경유,경유,13224,천막 및 기타 캔버스 제품 제조업,-
307,6905926BAF8B9BCC7D1D5FCAB80F211C95377F3F,2015,제주,5인 미만,등유(구:실내등유),등유(구:실내등유),20201,"질소, 인산 및 칼리질 비료 제조업",-
308,B4A0F62AB6320B5FBA451BAD322ED66866A25171,2015,제주,20인 ~ 49인,전력,전력,10730,"면류, 마카로니 및 유사식품 제조업",-
309,D807A0FF495E22A28BE72C5404B98903BD04F854,2015,제주,10인 ~ 19인,전력,전력,23326,콘크리트관 및 기타 구조용 콘크리트제품 제조업,-
310,3E15B677177827566E8B21CBC3CC1B5F5D0877B2,2015,제주,5인 ~ 9인,전력,전력,21102,생물학적 제제 제조업,-
311,2C2972238C2C1FDD94AE48F4EA1BDBA2A65220AF,2015,제주,20인 ~ 49인,경유,경유,10800,동물용 사료 및 조제식품 제조업,-
312,D568F758CC4DFC204A8BC2BD428ECBB8D818EAB8,2015,제주,5인 미만,도시가스(LPG),도시가스(LPG),10402,식물성 유지 제조업,-
313,7C5F311827D40CFFD71B35EC74D5D41E8541BD93,2015,제주,20인 ~ 49인,경유,경유,10121,가금류 가공 및 저장 처리업,-
314,645D6F81969E442382EB85F54A6DD8AF258368E2,2015,제주,10인 ~ 19인,전력,전력,10213,수산동물 냉동품 제조업,-
315,60F9CA9932D04B74B6E7F3B9194124AE7D3F09AF,2015,제주,5인 ~ 9인,전력,전력,32021,주방용 및 음식점용 목재가구 제조업,-
316,A9FF90935F7222B0C0A08631A374F33AC8215416,2015,제주,20인 ~ 49인,전력,전력,10301,과실 및 채소 절임식품 제조업,-
317,5497187A434C509E33C41038048F577FA7BCE999,2015,제주,10인 ~ 19인,전력,전력,10129,기타 육류 가공 및 저장처리업,-
318,6EC69E42D21AC7A332173C1539AAD82CFF6AB9DF,2015,제주,10인 ~ 19인,경유,경유,23911,건설용 석제품 제조업,-
319,FA4BD2068C9316D087F7D0D30A642623C5576021,2015,제주,5인 미만,전력,전력,29171,산업용 냉장 및 냉동 장비 제조업,-
320,B38906BE0271259618C9F252653F7B2771236C59,2015,제주,5인 미만,전력,전력,14130,한복 제조업,-
321,80D237FA1DC7B34B2D6B17F0B74FA925F1C6178D,2015,제주,10인 ~ 19인,전력,전력,23911,건설용 석제품 제조업,-
322,61E4C7480C44F30F728E00EB6E923A06B175C6E6,2015,제주,5인 ~ 9인,전력,전력,29210,농업 및 임업용 기계 제조업,-
323,1B61E16030AA2FC994956DFC761184DADDCD9915,2015,제주,5인 ~ 9인,전력,전력,23991,아스콘 제조업,-
324,2565053F69C2087F1085D8C6A736626009A26601,2015,제주,5인 ~ 9인,경유,경유,22223,플라스틱 창호 제조업,-
325,753CFEE103E99E94EB6A57C2C6B8B79762B16F1B,2015,제주,5인 ~ 9인,프로판,프로판,10309,기타 과실·채소 가공 및 저장처리업,-
326,AB2D0CD19D80BE3EA22B1C40615626DF6442060C,2015,제주,50인 ~ 99인,경유,경유,10121,가금류 가공 및 저장 처리업,-
327,1263A4CAE47C7850E81A9BAFB76CB7D4614D7E84,2015,제주,5인 ~ 9인,전력,전력,11201,얼음 제조업,-
328,774BCE591BA89696875FF9357D13FB73A61146FF,2015,제주,5인 ~ 9인,경유,경유,28122,배전반 및 전기자동제어반 제조업,-
329,C1F45CD8B8EB5527E59C53EB0F420297F8E47522,2015,제주,5인 미만,전력,전력,33910,간판 및 광고물 제조업,-
330,7D75C26C44C82A036DF6F16AEA194C8B782C7E43,2015,제주,5인 미만,경유,경유,11119,기타 발효주 제조업,-
331,C6E5DF7389C96937ADAA3DA183CCAE6A7B190E6D,2015,제주,10인 ~ 19인,전력,전력,23911,건설용 석제품 제조업,-
332,8F498F0F6D992F62C0B95D50494DA3015A77E52D,2015,제주,5인 ~ 9인,전력,전력,22223,플라스틱 창호 제조업,-
333,3D193239484515A3A27AA59AEA1362687A559F04,2015,제주,10인 ~ 19인,전력,전력,10301,과실 및 채소 절임식품 제조업,-
334,B63CD2C549549B25FC40F245612589E3CAC400BB,2015,제주,10인 ~ 19인,전력,전력,10301,과실 및 채소 절임식품 제조업,-
335,4D81AE429959498ABD09B141F5D4028ED655F4FC,2015,제주,10인 ~ 19인,등유(구:실내등유),등유(구:실내등유),11209,기타 비알콜음료 제조업,-
336,6E732EC8B28396765946639DC02D5F7E9738E74F,2015,제주,20인 ~ 49인,경유,경유,10309,기타 과실·채소 가공 및 저장처리업,-
337,4804BACA7B704A802FE9FD2304062B5BEB6C9E52,2015,제주,10인 ~ 19인,전력,전력,10121,가금류 가공 및 저장 처리업,-
338,81E826835C9EF2CEA7E80D61FEED46E480DDFACF,2015,제주,20인 ~ 49인,경유,경유,10129,기타 육류 가공 및 저장처리업,-
339,F02AA9E1405623FA85C6458CE95310A3810BB1E0,2015,제주,5인 미만,도시가스(LPG),도시가스(LPG),33303,낚시 및 수렵용구 제조업,-
340,EEB7C1FDA10A68AA7754FA70E5BF71D5231E51F2,2015,제주,10인 ~ 19인,전력,전력,23322,레미콘 제조업,-
341,5B307BF62DB0A8A5417BF98910FD41A306438819,2015,제주,10인 ~ 19인,전력,전력,23211,가정용 및 장식용 도자기 제조업,-
342,282B8128287FA90FE6507952D97B48A970B2929C,2015,제주,10인 ~ 19인,B-C유(중질중유),B-C유(중질중유),10220,수산식물 가공 및 저장 처리업,-
343,29DC61F9A6C96233B71883A955DB1B7CB67A70E9,2015,제주,5인 미만,전력,전력,30201,차체 및 특장차 제조업,-
344,E9C224C0D5598E67546329661AA3803C7BC7FE40,2015,제주,20인 ~ 49인,경유,경유,23326,콘크리트관 및 기타 구조용 콘크리트제품 제조업,-
345,404BC3AA34EB053C42DC9F00CD074259E2FC1867,2015,제주,10인 ~ 19인,전력,전력,27192,정형외과용 및 신체보정용 기기 제조업,-
346,24E406EC674C71B09CA3F93372DF9E344F5C45A0,2015,제주,10인 ~ 19인,도시가스(LPG),도시가스(LPG),10800,동물용 사료 및 조제식품 제조업,-
347,0C8995855D1C7D37352D9132885FC766F3E36675,2015,제주,20인 ~ 49인,경유,경유,20209,기타 비료 및 질소화합물 제조업,-
348,632291767E07FF66C08636169287463262B5C6AF,2015,제주,20인 ~ 49인,등유(구:실내등유),등유(구:실내등유),20202,복합비료 제조업,-
349,E088B00657256591AD5F8C5958C750049E734DD6,2015,제주,10인 ~ 19인,전력,전력,22223,플라스틱 창호 제조업,-
350,A6BD44BD75C83A5179A95B6FF9F5515029189089,2015,제주,20인 ~ 49인,등유(구:실내등유),등유(구:실내등유),10794,두부 및 유사식품 제조업,-
351,F40C4E397D1235175ACC0D926E8D97BE1CE88502,2015,제주,5인 미만,프로판,프로판,28511,주방용 전기기기 제조업,-
352,E6F0F90929BC7DF8D6886775371E3083A06F45DB,2015,제주,5인 미만,전력,전력,29210,농업 및 임업용 기계 제조업,-
353,80D237FA1DC7B34B2D6B17F0B74FA925F1C6178D,2015,제주,10인 ~ 19인,경유,경유,23911,건설용 석제품 제조업,-
354,B41D3F66137B6A319A03CD5A65076EDD7CADEDBE,2015,제주,10인 ~ 19인,경유,경유,10800,동물용 사료 및 조제식품 제조업,-
355,2846DEEC4B6B437A5157AF013A27DC1681B0B45B,2015,제주,10인 ~ 19인,전력,전력,23326,콘크리트관 및 기타 구조용 콘크리트제품 제조업,-
356,8B18CC0217525A4BA9C7A58B186970AAF5FBC055,2015,제주,10인 ~ 19인,전력,전력,23325,"콘크리트 타일, 기와, 벽돌 및 블록 제조업",-
357,1B61E16030AA2FC994956DFC761184DADDCD9915,2015,제주,5인 ~ 9인,경유,경유,23991,아스콘 제조업,-
358,E331D0759025EC636BE727BBB687F85CA04AB22E,2015,제주,5인 ~ 9인,전력,전력,20433,화장품 제조업,-
359,9CB38A3ACE98D19FD228AB3DA8476470EE0BAA6B,2015,제주,50인 ~ 99인,등유(구:실내등유),등유(구:실내등유),21210,완제 의약품 제조업,-
360,0EE9F56C0CE756F41953215C7314FB3C5507CBBE,2015,제주,5인 ~ 9인,경유,경유,10792,차류 가공업,-
361,F30EB1C8F86461F5F32B50EA1CA396D33FB53C28,2015,제주,10인 ~ 19인,경유,경유,10713,코코아 제품 및 과자류 제조업,-
362,C1FEF6D1D1FB612E45DA40B1E3EF20A7E0320CC8,2015,제주,5인 ~ 9인,전력,전력,32021,주방용 및 음식점용 목재가구 제조업,-
363,F02AA9E1405623FA85C6458CE95310A3810BB1E0,2015,제주,5인 미만,휘발유,휘발유,33303,낚시 및 수렵용구 제조업,-
364,6905926BAF8B9BCC7D1D5FCAB80F211C95377F3F,2015,제주,5인 미만,전력,전력,20201,"질소, 인산 및 칼리질 비료 제조업",-
365,B7191915635693198F6EF73FA42AA6BDEDE13133,2015,제주,20인 ~ 49인,전력,전력,22250,플라스틱 발포 성형제품 제조업,-
366,0AEC988455386BDA4523236B44DE6E590502063D,2015,제주,5인 미만,전력,전력,16221,목재문 및 관련제품 제조업,-
367,5FBA2EF76E51F764D44620463ECD53C2AAD53486,2015,제주,10인 ~ 19인,전력,전력,11209,기타 비알콜음료 제조업,-
368,94893D174D5EF8A26F4DEAC6F3ED9FA4C17C557E,2015,제주,5인 미만,경유,경유,10800,동물용 사료 및 조제식품 제조업,-
369,808CC831DE9C983AC17DF556D0D3094786D86577,2015,제주,5인 ~ 9인,전력,전력,23911,건설용 석제품 제조업,-
370,2AC9FFD746200B358A660BB98629B52EEDC280CF,2015,제주,5인 ~ 9인,경유,경유,25119,기타 구조용 금속제품 제조업,-
371,2449CD65F515727CD65C56A49029659D58941DEE,2015,제주,5인 미만,경유,경유,16101,일반 제재업,-
372,17198AF2C3BA88952865E7543E16EC4158B83575,2015,제주,10인 ~ 19인,프로판,프로판,10212,수산동물 건조 및 염장품 제조업,-
373,EDD5DDDA423C1A6827D68360A21A80EAC0460EB4,2015,제주,5인 미만,전력,전력,23211,가정용 및 장식용 도자기 제조업,-
374,0874AAAF68E36297EA98E3F98EF28ADCFAC6CB8C,2015,제주,5인 미만,전력,전력,23122,판유리 가공품 제조업,-
375,C45909B603EC42F1E005BF8080A09ECDE41FE5CD,2015,제주,5인 미만,전력,전력,11209,기타 비알콜음료 제조업,-
376,3CC6CFBC0D02BF749D3034E72070AF78DE129D54,2015,제주,5인 ~ 9인,전력,전력,28122,배전반 및 전기자동제어반 제조업,-
377,282B8128287FA90FE6507952D97B48A970B2929C,2015,제주,10인 ~ 19인,전력,전력,10220,수산식물 가공 및 저장 처리업,-
378,AA8DB89EE39B5C94918D79F9DB9D8822BB81CDBE,2015,제주,5인 미만,경유,경유,29210,농업 및 임업용 기계 제조업,-
379,3E3179D3BA8D5DE3EA29E438FDFDE6E4F79B7F95,2015,제주,20인 ~ 49인,전력,전력,33999,그외 기타 달리 분류되지 않은 제품 제조업,-
380,7ECB3BB4AFC619650B11B83F2BF37FF7E1E45192,2015,제주,10인 ~ 19인,경유,경유,23322,레미콘 제조업,-
381,1D2809B488E8692B563BA2B150140A6CCD1F0D37,2015,제주,10인 ~ 19인,경유,경유,07122,건설용 쇄석 생산업,-
382,1ACF137E1FC9502F5C7F2EA791A371BC4290F7D5,2015,제주,10인 ~ 19인,전력,전력,23122,판유리 가공품 제조업,-
383,7723C3DACA243EC3A0891831CB0A8CB59A22E0C9,2015,제주,10인 ~ 19인,전력,전력,10713,코코아 제품 및 과자류 제조업,-
384,2A8ED95E798C53BDA212A45F406030E61F88AF61,2015,제주,5인 ~ 9인,경유,경유,13922,어망 및 기타 끈가공품 제조업,-
385,48EAF78B1171753B74AF69BF82F4F650ADCD1083,2015,제주,5인 미만,프로판,프로판,25932,일반철물 제조업,-
386,56DAECC7FA2F0D94F3C0AB5EA5CC8B7A41406EFD,2015,제주,5인 미만,경유,경유,10612,곡물 제분업,-
387,E00BB821CFDBD5014D133BBB1C73816CAD1C8438,2015,제주,20인 ~ 49인,전력,전력,10129,기타 육류 가공 및 저장처리업,-
388,2B39CB0BEC0967E3FAED807CB6AE86429CA373FF,2015,제주,5인 미만,전력,전력,10301,과실 및 채소 절임식품 제조업,-
389,C577C980140C4CFFBCD44C543A40417490FF7351,2015,제주,10인 ~ 19인,전력,전력,10800,동물용 사료 및 조제식품 제조업,-
390,D6CA9E4611E6E278AD585D211848703F06B38A92,2015,제주,5인 미만,전력,전력,23122,판유리 가공품 제조업,-
391,3622189E48B84F35060266DC25B7458EC4E193D2,2015,제주,20인 ~ 49인,전력,전력,10713,코코아 제품 및 과자류 제조업,-
392,A2B037C2918C748807F34A90BC6444C9FE26DAF1,2015,제주,5인 ~ 9인,전력,전력,25111,"금속 문, 창, 셔터 및 관련제품 제조업",-
393,6BBEDA76153525B8F3102937298EB4BF7D951287,2015,제주,10인 ~ 19인,전력,전력,10798,도시락 및 식사용 조리식품 제조업,-
394,ADDA0326F616B2962D056708B4214458A9628907,2015,제주,5인 미만,전력,전력,23911,건설용 석제품 제조업,-
395,93E11E1B41783EFB50350481ABB95D22A4737464,2015,제주,20인 ~ 49인,전력,전력,10129,기타 육류 가공 및 저장처리업,-
396,2673CC453F63B7141C572A7E49E78C193E5A0E3D,2015,제주,5인 ~ 9인,전력,전력,32021,주방용 및 음식점용 목재가구 제조업,-
397,F6FC47500BB0D6EBCF78DF66AE524766F849E5F8,2015,제주,50인 ~ 99인,경유,경유,10713,코코아 제품 및 과자류 제조업,-
398,A3FBCE9F97A09445658A3B9BE172F46F85430065,2015,제주,5인 미만,경유,경유,23325,"콘크리트 타일, 기와, 벽돌 및 블록 제조업",-
399,B4A0F62AB6320B5FBA451BAD322ED66866A25171,2015,제주,20인 ~ 49인,등유(구:실내등유),등유(구:실내등유),10730,"면류, 마카로니 및 유사식품 제조업",-
400,23982998C369F8B0E582A727E7ED598A8133A033,2015,제주,10인 ~ 19인,전력,전력,23911,건설용 석제품 제조업,-
401,F88B30D1D991908B1269DD19943E256BC48D0C36,2015,제주,5인 ~ 9인,전력,전력,18111,경 인쇄업,-
402,C48C486BB22C1E6965FF951472930DAD55A70FCB,2015,제주,5인 미만,전력,전력,15129,가방 및 기타 보호용 케이스 제조업,-
403,03F713CCF7778E0893FD630EE57E04A45366B652,2015,제주,20인 ~ 49인,경유,경유,17210,골판지 및 골판지상자 제조업,-
404,BF2F2CBF4CDB5268F2CE1A4165A9BA4756C19CDD,2015,제주,5인 ~ 9인,경유,경유,20209,기타 비료 및 질소화합물 제조업,-
405,E8B6E805D4BFB0B35B8801E12626ECA01D8EE960,2015,제주,5인 ~ 9인,도시가스(LNG),도시가스(LNG),28111,전동기 및 발전기 제조업,-
406,1EF120CBAEBD2F24AF44EE731B5E0CFC0DCDCE4A,2015,제주,5인 ~ 9인,전력,전력,25913,금속압형제품 제조업,-
407,3E1EE8C438B760D9ECA90DBA2790D44CD968787B,2015,제주,10인 ~ 19인,경유,경유,22223,플라스틱 창호 제조업,-
408,0E4E8E82E8147929C240EBAA0A58C91F8FC17F17,2015,제주,5인 미만,전력,전력,10129,기타 육류 가공 및 저장처리업,-
409,C3392B06E3A52DABD87ECBEAD91906B875F6E84E,2015,제주,10인 ~ 19인,전력,전력,18122,제책업,-
410,6007A09A55093D330FBE825A695866EB2B04338D,2015,제주,5인 ~ 9인,나프타(납사),나프타(납사),20433,화장품 제조업,-
411,B964D75F7332477197B6D04FB8E3036D94D50CA1,2015,제주,5인 ~ 9인,전력,전력,16101,일반 제재업,-
412,36154E17573227F05D31F6E6D042EFCD0B93D84F,2015,제주,10인 ~ 19인,전력,전력,10212,수산동물 건조 및 염장품 제조업,-
413,8468E0909BB6C516FF35F3BC8AD638E43A6FA603,2015,제주,5인 미만,전력,전력,28423,전시 및 광고용 조명장치 제조업,-
414,FA9DB77DF6F6D4470CFAA42CBEAEE3BE702D8655,2015,제주,10인 ~ 19인,전력,전력,10309,기타 과실·채소 가공 및 저장처리업,-
415,3330ACA5A25F2D124FA01D1E880C5D4485213180,2015,제주,20인 ~ 49인,등유(구:실내등유),등유(구:실내등유),10800,동물용 사료 및 조제식품 제조업,-
416,9827FEB5015272F1F7F784A285D5856D90A527A4,2015,제주,20인 ~ 49인,전력,전력,10220,수산식물 가공 및 저장 처리업,-
417,4797DD6C59B925508DBD2756BBE151F1A6AEB3CD,2015,제주,20인 ~ 49인,프로판,프로판,10792,차류 가공업,-
418,EA3B7DD642A1AED9885811C776A3D6B67946E619,2015,제주,5인 미만,도시가스(LPG),도시가스(LPG),10129,기타 육류 가공 및 저장처리업,-
419,20768DA56682F2A3CF1CC210DDFA5B1DF6AE29B7,2015,제주,10인 ~ 19인,프로판,프로판,28122,배전반 및 전기자동제어반 제조업,-
420,8D9EB25362C40B05B410D737F807E25ED4ED8CFB,2015,제주,10인 ~ 19인,경유,경유,23325,"콘크리트 타일, 기와, 벽돌 및 블록 제조업",-
421,9270C9B345B87C8567DF944D60BA4DE36C63BBF8,2015,제주,5인 ~ 9인,전력,전력,32021,주방용 및 음식점용 목재가구 제조업,-
422,3ECCEB2F71F396070732212C71055DF24AABDFF0,2015,제주,5인 미만,경유,경유,20209,기타 비료 및 질소화합물 제조업,-
423,2E4771244FFEDF9A5314A3AEEB51098B38FDB2AD,2015,제주,5인 ~ 9인,경유,경유,10213,수산동물 냉동품 제조업,-
424,6EC1F13548497EBEF5A98A8B35A304CEBF890078,2015,제주,50인 ~ 99인,프로판,프로판,17901,문구용 종이제품 제조업,-
425,1583206F5D1E4B73808660E5DF08F727F77334C0,2015,제주,5인 미만,경유,경유,16212,강화 및 재생 목재 제조업,-
426,AA8DB89EE39B5C94918D79F9DB9D8822BB81CDBE,2015,제주,5인 미만,전력,전력,29210,농업 및 임업용 기계 제조업,-
427,33CC8F00D1B4B72E2C7D074C0C368F90E5314162,2015,제주,5인 미만,전력,전력,13409,"기타 섬유제품 염색, 정리 및 마무리 가공업",-
428,A465CCD10D49B1F23B92BAF1722CB160156BA2CB,2015,제주,5인 ~ 9인,전력,전력,25112,구조용 금속판제품 및 금속공작물 제조업,-
429,72DA7BD535FE81A0D9D3FE8C044E3C21E9094BDA,2015,제주,5인 ~ 9인,휘발유,휘발유,19229,기타 석유정제물 재처리업,-
430,9F2254BB96A201CBCD7CBF5A5199FF61DE581516,2015,제주,20인 ~ 49인,전력,전력,10129,기타 육류 가공 및 저장처리업,-
431,ED20AAFC630E091D445F35ECBAAB88F815025B54,2015,제주,20인 ~ 49인,경유,경유,10129,기타 육류 가공 및 저장처리업,-
432,CC39A7402000DD635CA783ED12C9CCC89DB96DA3,2015,제주,5인 미만,전력,전력,18111,경 인쇄업,-
433,8EB28CF0147F07836A4CF75021E42275EAF6E4A9,2015,제주,20인 ~ 49인,전력,전력,10129,기타 육류 가공 및 저장처리업,-
434,41F5E35712A658E8208F214DB79F5DAFFBAEAF45,2015,제주,20인 ~ 49인,전력,전력,10309,기타 과실·채소 가공 및 저장처리업,-
435,B7191915635693198F6EF73FA42AA6BDEDE13133,2015,제주,20인 ~ 49인,경유,경유,22250,플라스틱 발포 성형제품 제조업,-
436,294D90F71D269061AF1CC24AC6F21FE674E90969,2015,제주,10인 ~ 19인,경유,경유,22199,그외 기타 고무제품 제조업,-
437,D91AC092B78CA51C95874D8450A2E56A32E4B791,2015,제주,10인 ~ 19인,전력,전력,16103,"목재 보존, 방부처리, 도장 및 유사 처리업",-
438,BEC2ED15FEB98421FA659507A6AC59DAB9F213BA,2015,제주,5인 미만,전력,전력,13223,커튼 및 유사제품 제조업,-
439,791CD58634EEABDC2D52ED47F20E9C0840A43091,2015,제주,10인 ~ 19인,전력,전력,23325,"콘크리트 타일, 기와, 벽돌 및 블록 제조업",-
440,269499F5EDF07B4CDABC67F66290ABC32AC565B5,2015,제주,5인 ~ 9인,전력,전력,29242,광물처리 및 취급장비 제조업,-
441,A81D8E6AF99088661977C14AA9E58F91A7690B79,2015,제주,5인 ~ 9인,전력,전력,13229,기타 직물제품 제조업,-
442,D4C86D865959745DE6EDB4B0249ED5B60A55E444,2015,제주,5인 미만,전력,전력,23211,가정용 및 장식용 도자기 제조업,-
443,77E2C06EB33FF3D1F306C16D807EF20C44EF6D92,2015,제주,10인 ~ 19인,전력,전력,17902,위생용 종이제품 제조업,-
444,2BA00502476363AE6946FE0DFB006783A5544CA2,2015,제주,10인 ~ 19인,경유,경유,20112,천연수지 및 나무화학물질 제조업,-
445,2AC9FFD746200B358A660BB98629B52EEDC280CF,2015,제주,5인 ~ 9인,전력,전력,25119,기타 구조용 금속제품 제조업,-
446,8C1089C4009504BE265D35450931E6C43B28E980,2015,제주,10인 ~ 19인,전력,전력,07123,모래 및 자갈 채취업,-
447,345CADB09E435C310495B88811A8FAA757809916,2015,제주,50인 ~ 99인,전력,전력,26110,전자집적회로 제조업,-
448,AC539A75C168AF43EBE0F9E0CD6A3AA9B64BE59B,2015,제주,5인 미만,휘발유,휘발유,29210,농업 및 임업용 기계 제조업,-
449,3ECCEB2F71F396070732212C71055DF24AABDFF0,2015,제주,5인 미만,전력,전력,20209,기타 비료 및 질소화합물 제조업,-
450,774BCE591BA89696875FF9357D13FB73A61146FF,2015,제주,5인 ~ 9인,전력,전력,28122,배전반 및 전기자동제어반 제조업,-
451,3740C7C578F296F501ADE25A7127AD295447CBF8,2015,제주,5인 ~ 9인,경유,경유,28423,전시 및 광고용 조명장치 제조업,-
452,54A82A7C8F326C23DA625A1BEECD2459F3209238,2015,제주,20인 ~ 49인,전력,전력,10129,기타 육류 가공 및 저장처리업,-
453,F5227CCD8D96402FE6F389F7652A7CA9ED6A7C2F,2015,제주,10인 ~ 19인,프로판,프로판,23322,레미콘 제조업,-
454,6905926BAF8B9BCC7D1D5FCAB80F211C95377F3F,2015,제주,5인 미만,경유,경유,20201,"질소, 인산 및 칼리질 비료 제조업",-
455,76C14ACDB078E49B368A77917BBB5E3D6C8E8D3B,2015,제주,50인 ~ 99인,경유,경유,17902,위생용 종이제품 제조업,-
456,1919E964A4FC723DA0CDB9F7060D9AEF5F8D2351,2015,제주,10인 ~ 19인,전력,전력,23122,판유리 가공품 제조업,-
457,28F91EA5912965E9099F40198C624A164A5FE758,2015,제주,5인 미만,프로판,프로판,10309,기타 과실·채소 가공 및 저장처리업,-
458,EF3D5F47FD2ABD81800113397D4FB5E0351A49FE,2015,제주,20인 ~ 49인,전력,전력,25113,금속 조립구조재 제조업,-
459,4797DD6C59B925508DBD2756BBE151F1A6AEB3CD,2015,제주,20인 ~ 49인,경유,경유,10792,차류 가공업,-
460,A05FCE08C798C376DFF5F8264C444BE6A5EDD252,2015,제주,5인 미만,도시가스(LNG),도시가스(LNG),10129,기타 육류 가공 및 저장처리업,-
461,121C21440808FB05351A91FFED7D48E6031CCBF5,2015,제주,5인 ~ 9인,경유,경유,27192,정형외과용 및 신체보정용 기기 제조업,-
462,0E75BF336588D000441A94D278717F8B0A123AA0,2015,제주,10인 ~ 19인,경유,경유,22212,"플라스틱 필름, 시트 및 판 제조업",-
463,2B39CB0BEC0967E3FAED807CB6AE86429CA373FF,2015,제주,5인 미만,경유,경유,10301,과실 및 채소 절임식품 제조업,-
464,E00BB821CFDBD5014D133BBB1C73816CAD1C8438,2015,제주,20인 ~ 49인,경유,경유,10129,기타 육류 가공 및 저장처리업,-
465,151F0218DB226523FD14FAF59FC1F02B5C5FB565,2015,제주,5인 미만,전력,전력,21220,한의약품 제조업,-
466,1835B47ED40663FCFDFC9918D9D4E6066E80571F,2015,제주,5인 미만,전력,전력,11201,얼음 제조업,-
467,C577C980140C4CFFBCD44C543A40417490FF7351,2015,제주,10인 ~ 19인,등유(구:실내등유),등유(구:실내등유),10800,동물용 사료 및 조제식품 제조업,-
468,41F5E35712A658E8208F214DB79F5DAFFBAEAF45,2015,제주,20인 ~ 49인,경유,경유,10309,기타 과실·채소 가공 및 저장처리업,-
469,8FC0F8970E3823AB7D8B450FFAD5E9E7FD4AA17B,2015,제주,5인 미만,전력,전력,16101,일반 제재업,-
470,0EE9F56C0CE756F41953215C7314FB3C5507CBBE,2015,제주,5인 ~ 9인,전력,전력,10792,차류 가공업,-
471,3E28A8283924D6480EBC6150458CABF8F2265C45,2015,제주,10인 ~ 19인,전력,전력,10797,건강기능식품 제조업,-
472,3E1EE8C438B760D9ECA90DBA2790D44CD968787B,2015,제주,10인 ~ 19인,전력,전력,22223,플라스틱 창호 제조업,-
473,BF372EC5350BB3B63EC780F966189D40646A85E7,2015,제주,5인 ~ 9인,경유,경유,10212,수산동물 건조 및 염장품 제조업,-
474,EF65F821C1E6B38C4A2698AD12A9959AEC1B954E,2015,제주,5인 미만,경유,경유,11201,얼음 제조업,-
475,4E95E1E42365ACC72BCDFA867861EF36673859C1,2015,제주,5인 ~ 9인,전력,전력,30110,자동차용 엔진 제조업,-
476,51BDADF168B582626FEE99041FAC85A9246852E5,2015,제주,10인 ~ 19인,전력,전력,07122,건설용 쇄석 생산업,-
477,0DC52D504C1DC25BAEC0432379768D9222F7DEF0,2015,제주,20인 ~ 49인,전력,전력,10795,인삼식품 제조업,-
478,EDE85B507ED380C5D4361CC12119046ECA7108EE,2015,제주,20인 ~ 49인,경유,경유,10796,건강보조용 액화식품 제조업,-
479,9827FEB5015272F1F7F784A285D5856D90A527A4,2015,제주,20인 ~ 49인,등유(구:실내등유),등유(구:실내등유),10220,수산식물 가공 및 저장 처리업,-
480,83565B7B56C22885F8A2A0DF9F5492423862E8DD,2015,제주,5인 미만,전력,전력,25111,"금속 문, 창, 셔터 및 관련제품 제조업",-
481,EF746A04EF140FAE6B02415A131B234BF0763F14,2015,제주,5인 ~ 9인,프로판,프로판,10129,기타 육류 가공 및 저장처리업,-
482,D411AB3B6B3AF8354BC541E7E15E0C7BC12A8F1F,2015,제주,5인 ~ 9인,도시가스(LPG),도시가스(LPG),10309,기타 과실·채소 가공 및 저장처리업,-
483,5B307BF62DB0A8A5417BF98910FD41A306438819,2015,제주,10인 ~ 19인,경유,경유,23211,가정용 및 장식용 도자기 제조업,-
484,2565053F69C2087F1085D8C6A736626009A26601,2015,제주,5인 ~ 9인,전력,전력,22223,플라스틱 창호 제조업,-
485,A3FBCE9F97A09445658A3B9BE172F46F85430065,2015,제주,5인 미만,전력,전력,23325,"콘크리트 타일, 기와, 벽돌 및 블록 제조업",-
486,CDE5FAE17407C24155F7C92DD4528DCE59FA7A94,2015,제주,20인 ~ 49인,전력,전력,17210,골판지 및 골판지상자 제조업,-
487,49B5D5F01137685D6AC74273889D6D734A4974D7,2015,제주,10인 ~ 19인,전력,전력,11111,탁주 및 약주 제조업,-
488,8D9EB25362C40B05B410D737F807E25ED4ED8CFB,2015,제주,10인 ~ 19인,전력,전력,23325,"콘크리트 타일, 기와, 벽돌 및 블록 제조업",-
489,0E4E8E82E8147929C240EBAA0A58C91F8FC17F17,2015,제주,5인 미만,도시가스(LPG),도시가스(LPG),10129,기타 육류 가공 및 저장처리업,-
490,9B9ED5B895952AB7A10FD8BAC5EA0B3F1AA9E3BB,2015,제주,20인 ~ 49인,전력,전력,10713,코코아 제품 및 과자류 제조업,-
491,06B525D0884366CB7000A59FAB1144697288758F,2015,제주,5인 미만,도시가스(LNG),도시가스(LNG),32021,주방용 및 음식점용 목재가구 제조업,-
492,0C8995855D1C7D37352D9132885FC766F3E36675,2015,제주,20인 ~ 49인,전력,전력,20209,기타 비료 및 질소화합물 제조업,-
493,8DBDE875C83999CC566BB2D3074FB90FE9AA7B98,2015,제주,5인 미만,전력,전력,15211,구두류 제조업,-
494,D568F758CC4DFC204A8BC2BD428ECBB8D818EAB8,2015,제주,5인 미만,전력,전력,10402,식물성 유지 제조업,-
495,0B9305D05EE0D8D174B438ED0FE6201612B46D16,2015,제주,5인 미만,경유,경유,10620,전분제품 및 당류 제조업,-
496,54E624857EAE467EFA7D5D791DD16F90E56848B6,2015,제주,10인 ~ 19인,전력,전력,10712,빵류 제조업,-
497,608F31FB6E8D68DE45F45BC54BD9C455B25989A3,2015,제주,20인 ~ 49인,전력,전력,23911,건설용 석제품 제조업,-
498,0C299BB5A82161D9630FAFCE66FC8745B38549E3,2015,제주,10인 ~ 19인,경유,경유,10212,수산동물 건조 및 염장품 제조업,-
499,8C87445ED89B0ADA35BA0CA84D8722C99BA4A9ED,2015,제주,5인 ~ 9인,전력,전력,22223,플라스틱 창호 제조업,-
500,5FE5EB916FA07A6AC1984892945DFD3EDE6F182A,2015,제주,5인 ~ 9인,전력,전력,27192,정형외과용 및 신체보정용 기기 제조업,-
501,72DA7BD535FE81A0D9D3FE8C044E3C21E9094BDA,2015,제주,5인 ~ 9인,경유,경유,19229,기타 석유정제물 재처리업,-
502,AF3C3B243F87928AAA8B5CEB1C5C75AE6E206451,2015,제주,10인 ~ 19인,전력,전력,23322,레미콘 제조업,-
503,B05FA175274CC7F7C8226D373D6141E66870564A,2015,제주,5인 미만,등유(구:실내등유),등유(구:실내등유),07123,모래 및 자갈 채취업,-
504,85301E6E423CF70708B660829E323D1728E483C3,2015,제주,5인 미만,등유(구:실내등유),등유(구:실내등유),16101,일반 제재업,-
505,B9ED3464C65061A21AB2335EF2683FC897DDD918,2015,제주,10인 ~ 19인,경유,경유,10401,동물성 유지 제조업,-
506,2648C13F02197D91CBF43699833AC762825F4F75,2015,제주,10인 ~ 19인,전력,전력,10712,빵류 제조업,-
507,7C5F311827D40CFFD71B35EC74D5D41E8541BD93,2015,제주,20인 ~ 49인,전력,전력,10121,가금류 가공 및 저장 처리업,-
508,FF061C7F237305F29B6B1ECD248533E0323E4686,2015,제주,5인 ~ 9인,경유,경유,10611,곡물 도정업,-
509,B794F770F8895DA0B86903843775F22F5A81DCB8,2015,제주,5인 ~ 9인,도시가스(LNG),도시가스(LNG),28122,배전반 및 전기자동제어반 제조업,-
510,B50F963B2A1F99F9CC5F305C5237085252812250,2015,제주,5인 미만,전력,전력,20129,기타 기초무기화학물질 제조업,-
511,54A82A7C8F326C23DA625A1BEECD2459F3209238,2015,제주,20인 ~ 49인,경유,경유,10129,기타 육류 가공 및 저장처리업,-
512,EEC7690B45E221EBEF812EB65C37673513417B94,2015,제주,10인 ~ 19인,전력,전력,10800,동물용 사료 및 조제식품 제조업,-
513,021B501803C93915B2D6C58FFE2B30A7AAD7D559,2015,제주,10인 ~ 19인,경유,경유,29210,농업 및 임업용 기계 제조업,-
514,48EAF78B1171753B74AF69BF82F4F650ADCD1083,2015,제주,5인 미만,전력,전력,25932,일반철물 제조업,-
515,0B9305D05EE0D8D174B438ED0FE6201612B46D16,2015,제주,5인 미만,전력,전력,10620,전분제품 및 당류 제조업,-
516,A9877749D63E85150E8489601D21E570ACC3F8CA,2015,제주,5인 미만,경유,경유,11201,얼음 제조업,-
517,410B74B0EB163E837856486E518BC7708107BD50,2015,제주,5인 미만,경유,경유,24199,그외 기타 1차 철강 제조업,-
518,0AEC988455386BDA4523236B44DE6E590502063D,2015,제주,5인 미만,도시가스(LNG),도시가스(LNG),16221,목재문 및 관련제품 제조업,-
519,EF3D5F47FD2ABD81800113397D4FB5E0351A49FE,2015,제주,20인 ~ 49인,경유,경유,25113,금속 조립구조재 제조업,-
520,0874AAAF68E36297EA98E3F98EF28ADCFAC6CB8C,2015,제주,5인 미만,경유,경유,23122,판유리 가공품 제조업,-
521,E73040ADC53385C60DDA861695977C01EF10BE22,2015,제주,5인 ~ 9인,전력,전력,07122,건설용 쇄석 생산업,-
522,0DC52D504C1DC25BAEC0432379768D9222F7DEF0,2015,제주,20인 ~ 49인,도시가스(LNG),도시가스(LNG),10795,인삼식품 제조업,-
523,0D632F80629784EEC23B7F8909F59CE0329BA67D,2015,제주,10인 ~ 19인,전력,전력,23322,레미콘 제조업,-
524,294D90F71D269061AF1CC24AC6F21FE674E90969,2015,제주,10인 ~ 19인,전력,전력,22199,그외 기타 고무제품 제조업,-
525,601ECDF46121220B1D0C603374F769310E954ED6,2015,제주,5인 미만,전력,전력,25999,그외 기타 분류안된 금속가공제품 제조업,-
526,C49BA2DE673189B3BCA97B7506262B64C24DB214,2015,제주,5인 ~ 9인,전력,전력,23122,판유리 가공품 제조업,-
527,18C5A38E9184C6172040038ABD9B9D4FB2FB7D51,2015,제주,5인 미만,전력,전력,10620,전분제품 및 당류 제조업,-
528,67A7B8A9D86CCBA0E933390F4C3028DCC9D81548,2015,제주,5인 ~ 9인,전력,전력,23122,판유리 가공품 제조업,-
529,6EC1F13548497EBEF5A98A8B35A304CEBF890078,2015,제주,50인 ~ 99인,전력,전력,17901,문구용 종이제품 제조업,-
530,BD867F1BD2CDF27DF4F7CCF79E27FC57F733A87E,2015,제주,50인 ~ 99인,경유,경유,10110,도축업,-
531,75EF5164D427E64DB7890D3EDF33955D5D6E81C3,2015,제주,5인 ~ 9인,전력,전력,22299,그외 기타 플라스틱 제품 제조업,-
532,1CF3DD9826DD39C19F39116603A11F5620B6112E,2015,제주,5인 미만,프로판,프로판,10213,수산동물 냉동품 제조업,-
533,E1F2FC9862C6B7C019EB8DA0DFE699F5B5E2E22C,2015,제주,10인 ~ 19인,전력,전력,22223,플라스틱 창호 제조업,-
534,3CC6CFBC0D02BF749D3034E72070AF78DE129D54,2015,제주,5인 ~ 9인,경유,경유,28122,배전반 및 전기자동제어반 제조업,-
535,E8B6E805D4BFB0B35B8801E12626ECA01D8EE960,2015,제주,5인 ~ 9인,전력,전력,28111,전동기 및 발전기 제조업,-
536,4797DD6C59B925508DBD2756BBE151F1A6AEB3CD,2015,제주,20인 ~ 49인,등유(구:실내등유),등유(구:실내등유),10792,차류 가공업,-
537,E28ABE6AB7DE0382102AE8F87CE7BB18C03488E7,2015,제주,20인 ~ 49인,프로판,프로판,10792,차류 가공업,-
538,D91AC092B78CA51C95874D8450A2E56A32E4B791,2015,제주,10인 ~ 19인,도시가스(LPG),도시가스(LPG),16103,"목재 보존, 방부처리, 도장 및 유사 처리업",-
539,51FBB048882A9867F530A71EA44BD53669CF93DA,2015,제주,20인 ~ 49인,경유,경유,10129,기타 육류 가공 및 저장처리업,-
540,4392E6A32963BA5B24FBA5F50B90F8C5FBCB14F1,2015,제주,5인 ~ 9인,경유,경유,33910,간판 및 광고물 제조업,-
541,791CD58634EEABDC2D52ED47F20E9C0840A43091,2015,제주,10인 ~ 19인,경유,경유,23325,"콘크리트 타일, 기와, 벽돌 및 블록 제조업",-
542,F1F3327F4EF02A18B71C3E51C54F8586C7A3D148,2015,제주,10인 ~ 19인,경유,경유,20433,화장품 제조업,-
543,A41284AC450B68F19F73A872C3A1B5A9A89F2F9E,2015,제주,5인 미만,전력,전력,18111,경 인쇄업,-
544,481AE9EA94657B13CA3DA6A847FFEE4035155F11,2015,제주,5인 미만,전력,전력,28423,전시 및 광고용 조명장치 제조업,-
545,C49BA2DE673189B3BCA97B7506262B64C24DB214,2015,제주,5인 ~ 9인,경유,경유,23122,판유리 가공품 제조업,-
546,2C3E2B671B2FF0C9A64A45E6F941C14FAE503ADF,2015,제주,10인 ~ 19인,전력,전력,10212,수산동물 건조 및 염장품 제조업,-
547,EDE85B507ED380C5D4361CC12119046ECA7108EE,2015,제주,20인 ~ 49인,전력,전력,10796,건강보조용 액화식품 제조업,-
548,D7240395508454A9650B0FDE332948CD67B0F3DF,2015,제주,20인 ~ 49인,전력,전력,10800,동물용 사료 및 조제식품 제조업,-
549,753D9A3AFEBFC32C59CCF036EC58C96700E5EA66,2015,제주,10인 ~ 19인,전력,전력,22223,플라스틱 창호 제조업,-
550,AD9D42ECED6F6CE0A398F9EF663003A912DC5B21,2015,제주,5인 미만,경유,경유,23211,가정용 및 장식용 도자기 제조업,-
551,E98A432DC9B62E8BF46276F34B7D295B186ED0A0,2015,제주,20인 ~ 49인,전력,전력,29175,액체 여과기 제조업,-
552,AC0AA06B791BA6C1F7E59CE00F117197B8F3F9F8,2015,제주,10인 ~ 19인,전력,전력,10129,기타 육류 가공 및 저장처리업,-
553,B9ED3464C65061A21AB2335EF2683FC897DDD918,2015,제주,10인 ~ 19인,전력,전력,10401,동물성 유지 제조업,-
554,D21F8E3BB4C38D02C047ED8EE1FCFE11E5C5EBDE,2015,제주,5인 미만,전력,전력,22232,포장용 플라스틱 성형용기 제조업,-
555,38D87B25B79C7C2B5083DC2D97702D031055D63F,2015,제주,5인 ~ 9인,전력,전력,10501,액상시유 및 기타 낙농제품 제조업,-
556,1ACF137E1FC9502F5C7F2EA791A371BC4290F7D5,2015,제주,10인 ~ 19인,경유,경유,23122,판유리 가공품 제조업,-
557,6110C579CE1FE3903AB52AAF0D7358F961E242AE,2015,제주,20인 ~ 49인,전력,전력,07123,모래 및 자갈 채취업,-
558,10C081681F03B1F2D06592B9543688ACC57CB4AB,2015,제주,5인 미만,도시가스(LNG),도시가스(LNG),14130,한복 제조업,-
559,28F91EA5912965E9099F40198C624A164A5FE758,2015,제주,5인 미만,전력,전력,10309,기타 과실·채소 가공 및 저장처리업,-
560,6B776108A779365162D30118E9CCEFD28B4FD56A,2015,제주,5인 ~ 9인,전력,전력,16101,일반 제재업,-
561,77BAF3C3E38407C2376D75B6D2F79B1CEB51A0F8,2015,제주,10인 ~ 19인,전력,전력,10742,천연 및 혼합조제 조미료 제조업,-
562,4F196A22ED1B1B1CFF4B0E207EE33309E65707AF,2015,제주,20인 ~ 49인,전력,전력,07123,모래 및 자갈 채취업,-
563,26D983799F043DBBFC25BD95C312E51987FD6A17,2015,제주,50인 ~ 99인,경유,경유,11122,소주 제조업,-
564,8E68B7CC166D226484CC87FBFFA626AD7FDAA33E,2015,제주,10인 ~ 19인,전력,전력,10129,기타 육류 가공 및 저장처리업,-
565,4EB22935DDFE7CADB999AF7FC0FD0DA30BDD93C3,2015,제주,5인 ~ 9인,전력,전력,10309,기타 과실·채소 가공 및 저장처리업,-
566,29DC61F9A6C96233B71883A955DB1B7CB67A70E9,2015,제주,5인 미만,경유,경유,30201,차체 및 특장차 제조업,-
567,3E178CF2FBBDE96549A1738DB0201EEB80D882BC,2015,제주,5인 ~ 9인,전력,전력,10110,도축업,-
568,F85B876590988D975EC187162250E913D6A9A6B4,2015,제주,10인 ~ 19인,전력,전력,23322,레미콘 제조업,-
569,BB15E8635F79BA3E6289FFE16327AEB671557B7E,2015,제주,10인 ~ 19인,전력,전력,18121,제판 및 조판업,-
570,0E75BF336588D000441A94D278717F8B0A123AA0,2015,제주,10인 ~ 19인,전력,전력,22212,"플라스틱 필름, 시트 및 판 제조업",-
571,A6BD44BD75C83A5179A95B6FF9F5515029189089,2015,제주,20인 ~ 49인,전력,전력,10794,두부 및 유사식품 제조업,-
572,ADBB32DC7B1A74118C86C9E644C8E374ED22DDEC,2015,제주,5인 미만,전력,전력,16221,목재문 및 관련제품 제조업,-
573,3E1EE8C438B760D9ECA90DBA2790D44CD968787B,2015,제주,10인 ~ 19인,등유(구:실내등유),등유(구:실내등유),22223,플라스틱 창호 제조업,-
574,1449EF561D3EF2B69CB5CD700F89A859BFA5C60A,2015,제주,10인 ~ 19인,경유,경유,29210,농업 및 임업용 기계 제조업,-
575,17198AF2C3BA88952865E7543E16EC4158B83575,2015,제주,10인 ~ 19인,전력,전력,10212,수산동물 건조 및 염장품 제조업,-
576,121C21440808FB05351A91FFED7D48E6031CCBF5,2015,제주,5인 ~ 9인,전력,전력,27192,정형외과용 및 신체보정용 기기 제조업,-
577,D57B6FCA2D94428C642B93348227B36FB778557D,2015,제주,5인 미만,전력,전력,10212,수산동물 건조 및 염장품 제조업,-
578,A59B276BE7DE75B8581F19D77F39867947F887F7,2015,제주,300인 ~ 499인,전력,전력,11202,생수 생산업,환산자료없음
579,76C92D296069ED5508BB17691EC44F8F8A64DDA5,2015,제주,20인 ~ 49인,전력,전력,17123,크라프트지 및 상자용 판지 제조업,환산자료없음
580,3330ACA5A25F2D124FA01D1E880C5D4485213180,2015,제주,20인 ~ 49인,전력,전력,10800,동물용 사료 및 조제식품 제조업,환산자료없음
581,EF6EE95C331438344B11781F1E656652A3595FFD,2015,제주,20인 ~ 49인,전력,전력,10309,기타 과실·채소 가공 및 저장처리업,환산자료없음
582,6E7A843E2FDF6F925AD34B561CED872AFD13F307,2015,제주,5인 ~ 9인,전력,전력,07122,건설용 쇄석 생산업,환산자료없음
583,4E8F5EDA1A49FDF96C64C5978D909FE1923378BE,2015,제주,20인 ~ 49인,전력,전력,23991,아스콘 제조업,환산자료없음
584,AB2D0CD19D80BE3EA22B1C40615626DF6442060C,2015,제주,50인 ~ 99인,전력,전력,10121,가금류 가공 및 저장 처리업,환산자료없음
585,006249806E1E778E81D7F2FF7C864772680F310B,2015,제주,20인 ~ 49인,전력,전력,10309,기타 과실·채소 가공 및 저장처리업,환산자료없음
586,1F3FBBE66F2D693FD13BD6BC229AADDE7BE588D1,2015,제주,20인 ~ 49인,전력,전력,22250,플라스틱 발포 성형제품 제조업,환산자료없음
587,12FD4EF13DC7201FA0529E907B6F408C2929949A,2015,제주,20인 ~ 49인,전력,전력,23326,콘크리트관 및 기타 구조용 콘크리트제품 제조업,환산자료없음
588,E9C224C0D5598E67546329661AA3803C7BC7FE40,2015,제주,20인 ~ 49인,전력,전력,23326,콘크리트관 및 기타 구조용 콘크리트제품 제조업,환산자료없음
589,097A0392F7FF3528613EF138793D7327CFFCFD91,2015,제주,10인 ~ 19인,전력,전력,23993,비금속광물 분쇄물 생산업,환산자료없음
590,24B78C80B28D89A18B6332911D8B0D8AC3CC5BA8,2015,제주,20인 ~ 49인,전력,전력,10501,액상시유 및 기타 낙농제품 제조업,환산자료없음
591,8B16EAD3914FF9ED4A375674FA4C32DB4887362D,2015,제주,10인 ~ 19인,전력,전력,11201,얼음 제조업,환산자료없음
592,B5DE3D3AC3986C341FB547FC1D5B66FCD4C882F8,2015,제주,20인 ~ 49인,전력,전력,10501,액상시유 및 기타 낙농제품 제조업,환산자료없음
593,9CB38A3ACE98D19FD228AB3DA8476470EE0BAA6B,2015,제주,50인 ~ 99인,전력,전력,21210,완제 의약품 제조업,환산자료없음
594,ED84E12899868AB7F73892076F7D6EE1C686D8B0,2015,제주,20인 ~ 49인,전력,전력,10212,수산동물 건조 및 염장품 제조업,환산자료없음
595,52B9EE29A1F838AC7EA6F332A90C692B76BF984F,2015,제주,20인 ~ 49인,전력,전력,07122,건설용 쇄석 생산업,환산자료없음
596,7DA9F3E69501FAAFB63D6BF1509E1F3BE332CB5E,2015,제주,20인 ~ 49인,전력,전력,22250,플라스틱 발포 성형제품 제조업,환산자료없음
597,632291767E07FF66C08636169287463262B5C6AF,2015,제주,20인 ~ 49인,전력,전력,20202,복합비료 제조업,환산자료없음
598,6E732EC8B28396765946639DC02D5F7E9738E74F,2015,제주,20인 ~ 49인,전력,전력,10309,기타 과실·채소 가공 및 저장처리업,환산자료없음
599,B3F2A3D2F86E6DC374ECC4469E936484250B5563,2015,제주,10인 ~ 19인,전력,전력,10309,기타 과실·채소 가공 및 저장처리업,환산자료없음
600,D2F80F1F41F6F536A06E9588D0479B0F8CD12150,2015,제주,10인 ~ 19인,전력,전력,22211,"플라스틱 선, 봉, 관 및 호스 제조업",환산자료없음
601,BD867F1BD2CDF27DF4F7CCF79E27FC57F733A87E,2015,제주,50인 ~ 99인,전력,전력,10110,도축업,환산자료없음
602,E1CB012224D3B56085CF04CD9AEBC2978BB4E7BE,2015,제주,20인 ~ 49인,전력,전력,20209,기타 비료 및 질소화합물 제조업,환산자료없음
603,1D2809B488E8692B563BA2B150140A6CCD1F0D37,2015,제주,10인 ~ 19인,전력,전력,07122,건설용 쇄석 생산업,환산자료없음
604,3EF4E809FB22FA105B7EB7F47FEF6429DF032EBE,2015,제주,5인 ~ 9인,전력,전력,07122,건설용 쇄석 생산업,환산자료없음
605,F6FC47500BB0D6EBCF78DF66AE524766F849E5F8,2015,제주,50인 ~ 99인,전력,전력,10713,코코아 제품 및 과자류 제조업,환산자료없음
606,42A8ACCA9B441CA3B588FF045970A281539D1F38,2015,제주,10인 ~ 19인,전력,전력,10800,동물용 사료 및 조제식품 제조업,환산자료없음
607,40D6369501C1125BD9CFE4526C0C280D190F9D14,2015,제주,20인 ~ 49인,전력,전력,17210,골판지 및 골판지상자 제조업,환산자료없음
608,2C2972238C2C1FDD94AE48F4EA1BDBA2A65220AF,2015,제주,20인 ~ 49인,전력,전력,10800,동물용 사료 및 조제식품 제조업,환산자료없음
609,76C92D296069ED5508BB17691EC44F8F8A64DDA5,2015,제주,20인 ~ 49인,열에너지,열에너지,17123,크라프트지 및 상자용 판지 제조업,환산자료없음
610,24B78C80B28D89A18B6332911D8B0D8AC3CC5BA8,2015,제주,20인 ~ 49인,도시가스(LPG),가스류,10501,액상시유 및 기타 낙농제품 제조업,환산자료없음
611,C2AC9AF082B77B087787D8584D4A2B574E7DDEF1,2015,제주,10인 ~ 19인,도시가스(LPG),가스류,10794,두부 및 유사식품 제조업,환산자료없음
612,4E8F5EDA1A49FDF96C64C5978D909FE1923378BE,2015,제주,20인 ~ 49인,B-C유(중질중유),석유류,23991,아스콘 제조업,환산자료없음
613,6E732EC8B28396765946639DC02D5F7E9738E74F,2015,제주,20인 ~ 49인,B-C유(중질중유),석유류,10309,기타 과실·채소 가공 및 저장처리업,환산자료없음
614,D2BADD9F819A39D3DA175E873DDB2153876C35B7,2015,제주,50인 ~ 99인,B-C유(중질중유),석유류,11202,생수 생산업,환산자료없음
615,4F196A22ED1B1B1CFF4B0E207EE33309E65707AF,2015,제주,20인 ~ 49인,B-C유(중질중유),석유류,07123,모래 및 자갈 채취업,환산자료없음
616,1F3FBBE66F2D693FD13BD6BC229AADDE7BE588D1,2015,제주,20인 ~ 49인,B-C유(중질중유),석유류,22250,플라스틱 발포 성형제품 제조업,환산자료없음
617,7DA9F3E69501FAAFB63D6BF1509E1F3BE332CB5E,2015,제주,20인 ~ 49인,B-B유(중유),석유류,22250,플라스틱 발포 성형제품 제조업,환산자료없음
618,A59B276BE7DE75B8581F19D77F39867947F887F7,2015,제주,300인 ~ 499인,B-B유(중유),석유류,11202,생수 생산업,환산자료없음
619,11BB90E4C7611F1A4A8AEFAF99777702810EA2B4,2015,제주,10인 ~ 19인,B-A유(경질중유),석유류,17210,골판지 및 골판지상자 제조업,환산자료없음
620,6110C579CE1FE3903AB52AAF0D7358F961E242AE,2015,제주,20인 ~ 49인,B-A유(경질중유),석유류,07123,모래 및 자갈 채취업,환산자료없음
621,E9C224C0D5598E67546329661AA3803C7BC7FE40,2015,제주,20인 ~ 49인,B-A유(경질중유),석유류,23326,콘크리트관 및 기타 구조용 콘크리트제품 제조업,환산자료없음
622,8C1089C4009504BE265D35450931E6C43B28E980,2015,제주,10인 ~ 19인,B-A유(경질중유),석유류,07123,모래 및 자갈 채취업,환산자료없음
623,B5DE3D3AC3986C341FB547FC1D5B66FCD4C882F8,2015,제주,20인 ~ 49인,B-A유(경질중유),석유류,10501,액상시유 및 기타 낙농제품 제조업,환산자료없음
624,70DC9E9B17FAB8A621201B184703EEC6D8C54247,2015,제주,5인 ~ 9인,경유,석유류,07122,건설용 쇄석 생산업,환산자료없음
625,52B9EE29A1F838AC7EA6F332A90C692B76BF984F,2015,제주,20인 ~ 49인,경유,석유류,07122,건설용 쇄석 생산업,환산자료없음
626,6110C579CE1FE3903AB52AAF0D7358F961E242AE,2015,제주,20인 ~ 49인,경유,석유류,07123,모래 및 자갈 채취업,환산자료없음
627,F85B876590988D975EC187162250E913D6A9A6B4,2015,제주,10인 ~ 19인,경유,석유류,23322,레미콘 제조업,환산자료없음
628,3EF4E809FB22FA105B7EB7F47FEF6429DF032EBE,2015,제주,5인 ~ 9인,경유,석유류,07122,건설용 쇄석 생산업,환산자료없음
629,8C1089C4009504BE265D35450931E6C43B28E980,2015,제주,10인 ~ 19인,경유,석유류,07123,모래 및 자갈 채취업,환산자료없음
630,6B85E9E1365FCB1811DD9B064B69E6ACB86EBFF3,2015,제주,10인 ~ 19인,경유,석유류,23991,아스콘 제조업,환산자료없음
631,51BDADF168B582626FEE99041FAC85A9246852E5,2015,제주,10인 ~ 19인,경유,석유류,07122,건설용 쇄석 생산업,환산자료없음
632,3DD14987B3BBE9C59DAAA9F96C1D381AEF4C8E32,2015,제주,20인 ~ 49인,경유,석유류,23322,레미콘 제조업,환산자료없음
633,4E8F5EDA1A49FDF96C64C5978D909FE1923378BE,2015,제주,20인 ~ 49인,경유,석유류,23991,아스콘 제조업,환산자료없음
634,6CF0BD078A5BA5BB11206B9E7A704FAC7346A9E0,2015,제주,10인 ~ 19인,경유,석유류,23322,레미콘 제조업,환산자료없음
635,12FD4EF13DC7201FA0529E907B6F408C2929949A,2015,제주,20인 ~ 49인,경유,석유류,23326,콘크리트관 및 기타 구조용 콘크리트제품 제조업,환산자료없음
636,E73040ADC53385C60DDA861695977C01EF10BE22,2015,제주,5인 ~ 9인,경유,석유류,07122,건설용 쇄석 생산업,환산자료없음
637,E1CB012224D3B56085CF04CD9AEBC2978BB4E7BE,2015,제주,20인 ~ 49인,경유,석유류,20209,기타 비료 및 질소화합물 제조업,환산자료없음
638,42A8ACCA9B441CA3B588FF045970A281539D1F38,2015,제주,10인 ~ 19인,등유(구:실내등유),석유류,10800,동물용 사료 및 조제식품 제조업,환산자료없음
